ID,Bucket,Title,Decision Type,Trigger Criteria,Requirement,Justification,Parent Decision IDs,Baseline Bundle ID,Rule Classification,Mapping Status,Mapping Rationale,Source Version,Source URL,Source Match
VCF-PAI-REQD-CFG-001,AI,GPU Host Profiling,Required,"hldIncAI=true; hldAiDataProfile IN [GPU_DENSE,CUSTOM]",Ensure all hosts in the AI workload domain have identical NVIDIA GPU hardware and profiles.,Guarantees DRS load balancing and vMotion compatibility for AI/ML workloads.,DEC-AI-001; DEC-AI-002; DEC-NET-004,BL-SOL-001,DECISION_LED,MAPPED,GPU host profiling when AI is in scope and profile is GPU_DENSE or CUSTOM.,VCF 9.1,https://techdocs.broadcom.com/us/en/vmware-cis/vcf/vcf-9-0-and-later/9-1/design/design-library/private-ai-platform-detailed-design.html,prefix:VCF-PAI-
VCF-PAI-REQD-CFG-002,AI,Backend AI Network,Required,hldIncAI=true,"Allocate a dedicated high-throughput, low-latency VLAN (RoCEv2) for GPU-to-GPU communications.",Prevents deep learning network traffic from bottlenecking standard VM traffic.,DEC-AI-001; DEC-AI-002; DEC-NET-004,BL-SOL-001,DECISION_LED,MAPPED,Backend AI network whenever Private AI is in scope.,VCF 9.1,https://techdocs.broadcom.com/us/en/vmware-cis/vcf/vcf-9-0-and-later/9-1/design/design-library/private-ai-platform-detailed-design.html,prefix:VCF-PAI-
VCF-PAI-REQD-CFG-003,AI,NVIDIA Licensing System,Required,hldIncAI=true,Deploy the NVIDIA License System (NLS) appliance in the management domain.,Centralizes vGPU license distribution for tenant workload clusters.,DEC-AI-001; DEC-AI-002,BL-SOL-001,DECISION_LED,MAPPED,NVIDIA licensing required whenever Private AI is in scope.,VCF 9.1,https://techdocs.broadcom.com/us/en/vmware-cis/vcf/vcf-9-0-and-later/9-1/design/design-library/private-ai-platform-detailed-design.html,prefix:VCF-PAI-
VCF-PAI-REQD-CFG-004,AI,AI Workload Orchestration Model,Required,"hldIncAI=true; hldAiDataProfile IN [GENERAL,DATA_LOCAL]","Determine whether AI/ML workloads will be scheduled via an MLOps orchestration platform (e.g., Run:ai, NVIDIA AI Enterprise tooling) or managed directly through vCenter/vGPU assignment.",Orchestration model determines whether GPU capacity is exposed as an aggregate pool or requires explicit per-VM MIG/vGPU partition design; getting this wrong means re-architecting GPU allocation later.,DEC-AI-001; DEC-AI-002,BL-SOL-001,DECISION_LED,MAPPED,Orchestration model emphasis for GENERAL/DATA_LOCAL AI profiles.,VCF 9.1,https://techdocs.broadcom.com/us/en/vmware-cis/vcf/vcf-9-0-and-later/9-1/design/design-library/private-ai-platform-detailed-design.html,prefix:VCF-PAI-
VCF-AUTO-REQD-CFG-001,AUTO,VCF Automation Placement,Required,ALWAYS,Deploy VCF Automation in the management domain or a dedicated management cluster.,Secures the automation and orchestration engine within the primary administrative boundary.,DEC-AUTO-001; DEC-AUTO-002,BL-SOL-001,INHERIT_PARENT_SCOPE,MAPPED,"Required after parent decision DEC-AUTO-001, DEC-AUTO-002 activates this domain or solution.",VCF 9.1,https://techdocs.broadcom.com/us/en/vmware-cis/vcf/vcf-9-0-and-later/9-1/design/design-library/vcf-automation-deployment-models-9-x.html,prefix:VCF-AUTO-
VCF-AUTO-REQD-CFG-002,AUTO,VCF Automation HA,Required,availabilityModel=HA,Deploy a cluster of three VCF Automation appliances for high availability.,Guarantees continuous self-service and orchestration during host or node failures.,DEC-AUTO-001; DEC-AUTO-002,BL-SOL-001,INHERIT_PARENT_SCOPE,MAPPED,"Required after parent decision DEC-AUTO-001, DEC-AUTO-002 activates this domain or solution.",VCF 9.1,https://techdocs.broadcom.com/us/en/vmware-cis/vcf/vcf-9-0-and-later/9-1/design/design-library/vcf-automation-deployment-models-9-x.html,prefix:VCF-AUTO-
VCF-AUTO-REQD-CFG-004,AUTO,Identity Broker Integration,Required,"hldIdentityMode IN [APPLIANCE,THREE_NODE_HA]",Integrate VCF Automation with Identity Broker.,Standardizes Role-Based Access Control (RBAC) and single sign-on across the VCF portal.,DEC-AUTO-001; DEC-ID-001; DEC-AUTO-002,BL-SOL-001,DECISION_LED,MAPPED,Identity Broker appliance/HA topology when identity mode is APPLIANCE or THREE_NODE_HA.,VCF 9.1,https://techdocs.broadcom.com/us/en/vmware-cis/vcf/vcf-9-0-and-later/9-1/design/design-library/vcf-automation-deployment-models-9-x.html,prefix:VCF-AUTO-
VCF-AUTO-REQD-CFG-005,AUTO,NSX Cloud Accounts,Required,ALWAYS,Configure NSX cloud accounts within VCF Automation to enable on-demand network provisioning.,Allows developers to dynamically spin up load balancers and networks via self-service blueprints.,DEC-AUTO-001; DEC-AUTO-002,BL-SOL-001,INHERIT_PARENT_SCOPE,MAPPED,"Required after parent decision DEC-AUTO-001, DEC-AUTO-002 activates this domain or solution.",VCF 9.1,https://techdocs.broadcom.com/us/en/vmware-cis/vcf/vcf-9-0-and-later/9-1/design/design-library/vcf-automation-deployment-models-9-x.html,prefix:VCF-AUTO-
VCF-AUTO-REQD-CFG-006,AUTO,VCF Auto Load Balancer,Required,ALWAYS,Deploy an Avi or equivalent to front the VCF Automation cluster.,Ensures highly available access to the self-service portal for developers and users.,DEC-AUTO-001; DEC-NET-004; DEC-AUTO-002,BL-SOL-001,INHERIT_PARENT_SCOPE,MAPPED,"Required after parent decision DEC-AUTO-001, DEC-NET-004, DEC-AUTO-002 activates this domain or solution.",VCF 9.1,https://techdocs.broadcom.com/us/en/vmware-cis/vcf/vcf-9-0-and-later/9-1/design/design-library/vcf-automation-deployment-models-9-x.html,prefix:VCF-AUTO-
VCF-AUTO-REQD-CFG-007,AUTO,Automation Extensibility,Required,"hldPlacementGovernance IN [TAG_BASED,PROJECT_REGULATORY,CUSTOM]",Deploy VCF Automation Orchestrator nodes independently if complex scripting exceeds built-in capabilities.,Offloads heavy API interaction and customized workflows from the core Automation appliances.,DEC-AUTO-001; DEC-AUTO-002,BL-SOL-001,DECISION_LED,MAPPED,"Automation extensibility / custom placement when governance is tag-, project-, or custom-based.",VCF 9.1,https://techdocs.broadcom.com/us/en/vmware-cis/vcf/vcf-9-0-and-later/9-1/design/design-library/vcf-automation-deployment-models-9-x.html,prefix:VCF-AUTO-
VCF-AUTO-REQD-CFG-008,AUTO,Cloud Zone Grouping,Required,hldPlacementGovernance=CLOUD_ZONES,Group vCenter compute clusters into VCF Automation Cloud Zones by SLA or purpose.,Allows fine-grained placement policies for developer blueprints targeting specific hardware tiers.,DEC-AUTO-001; DEC-AUTO-002,BL-SOL-001,DECISION_LED,MAPPED,Cloud zone grouping when placement governance is CLOUD_ZONES.,VCF 9.1,https://techdocs.broadcom.com/us/en/vmware-cis/vcf/vcf-9-0-and-later/9-1/design/design-library/vcf-automation-deployment-models-9-x.html,prefix:VCF-AUTO-
VCF-AUTO-REQD-CFG-009,AUTO,Automation Sizing,Required,availabilityModel=HA; productionSizing=true,Deploy VCF Automation nodes using the standard Large form factor for production use.,Provides adequate CPU and memory for concurrent blueprint provisioning and API rate limits.,DEC-AUTO-001; DEC-AVAIL-002; DEC-AUTO-002,BL-SOL-001,INHERIT_PARENT_SCOPE,MAPPED,"Required after parent decision DEC-AUTO-001, DEC-AVAIL-002, DEC-AUTO-002 activates this domain or solution.",VCF 9.1,https://techdocs.broadcom.com/us/en/vmware-cis/vcf/vcf-9-0-and-later/9-1/design/design-library/vcf-automation-deployment-models-9-x.html,prefix:VCF-AUTO-
VCF-AUTO-REQD-CFG-010,AUTO,Certificates,Required,ALWAYS,Implement CA-signed certificates for the VCF Automation Load Balancer VIP and all nodes.,Secures API endpoints and prevents browser trust warnings for end users accessing the catalog.,DEC-AUTO-001; DEC-ID-002; DEC-AUTO-002,BL-SOL-001,INHERIT_PARENT_SCOPE,MAPPED,"Required after parent decision DEC-AUTO-001, DEC-ID-002, DEC-AUTO-002 activates this domain or solution.",VCF 9.1,https://techdocs.broadcom.com/us/en/vmware-cis/vcf/vcf-9-0-and-later/9-1/design/design-library/vcf-automation-deployment-models-9-x.html,prefix:VCF-AUTO-
VCF-AUTO-REQD-CFG-011,AUTO,No Placement Governance Overlay,Required,hldPlacementGovernance=NONE,Do not enforce Cloud Assembly cloud-zone or tag-based placement overlays; rely on default project/zone assignment.,Explicit NONE preserves exportability when automation is in scope but placement overlays are deferred.,DEC-AUTO-001; DEC-AUTO-002,BL-SOL-001,DECISION_LED,MAPPED,Activated when placement governance is NONE.,VCF 9.1,https://techdocs.broadcom.com/us/en/vmware-cis/vcf/vcf-9-0-and-later/9-1/design/design-library/vcf-automation-deployment-models-9-x.html,prefix:VCF-AUTO-
VCF-AUTO-REQD-CFG-003,AUTO,VCF Automation Database/NTP,Required,ALWAYS,Configure Automation nodes with external NTP and verify database sync requirements.,Ensures orchestration logs and time-based deployment policies execute accurately.,DEC-AUTO-001; DEC-NET-003; DEC-AUTO-002,BL-SOL-001,INHERIT_PARENT_SCOPE,MAPPED,"Required after parent decision DEC-AUTO-001, DEC-NET-003, DEC-AUTO-002 activates this domain or solution.",VCF 9.1,https://techdocs.broadcom.com/us/en/vmware-cis/vcf/vcf-9-0-and-later/9-1/design/design-library/external-services-design.html,title-hint
VCF-WLD-REQD-CFG-001,CORE,Management Domain Deployment,Required,ALWAYS,Deploy a management domain to host all management components for the VCF instance.,Guarantees sufficient resources for management components and isolates them from tenant workloads.,DEC-ARCH-001,BL-ARCH-001,INHERIT_PARENT_SCOPE,MAPPED,Required after parent decision DEC-ARCH-001 activates this domain or solution.,VCF 9.1,https://techdocs.broadcom.com/us/en/vmware-cis/vcf/vcf-9-0-and-later/9-1/design/design-library/workload-domain-deployment-models/management-domain-deployment-model.html,exact-id
VCF-WLD-REQD-CFG-002,CORE,Dedicated VI Workload Domain,Required,"hldArchitectureModel IN [STANDARD,DISAGGREGATED]",Deploy dedicated VI workload domains for tenant applications.,Isolates tenant workloads from management infrastructure and applies distinct security and performance profiles.,DEC-ARCH-002,BL-ARCH-001,DECISION_LED,MAPPED,Activated when platform architecture is Standard or Disaggregated (dedicated VI workloaddomain).,VCF 9.1,https://techdocs.broadcom.com/us/en/vmware-cis/vcf/vcf-9-0-and-later/9-1/design/design-library/workload-domain-deployment-models/workload-domain-deployment-model.html,exact-id
VCF-WLD-REQD-CFG-003,CORE,Consolidated Architecture,Required,hldArchitectureModel=CONSOLIDATED,Deploy a consolidated management domain if resource requirements do not warrant dedicated VI domains.,Reduces hardware footprint for smaller environments while maintaining full VCF operational capabilities.,DEC-ARCH-002,BL-ARCH-001,DECISION_LED,MAPPED,Activated when platform architecture is Consolidated.,VCF 9.1,https://techdocs.broadcom.com/us/en/vmware-cis/vcf/vcf-9-0-and-later/9-1/design/design-library/workload-domain-deployment-models/management-domain-deployment-model.html,exact-id
VCF-WLD-REQD-CFG-004,CORE,Single SSO Domain,Required,"hldIdentityMode IN [EMBEDDED,APPLIANCE,THREE_NODE_HA]",Use a single vSphere Single Sign-On (SSO) domain per VCF instance.,Streamlines authentication and identity management across the entire VMware Cloud Foundation environment.,DEC-ID-001,BL-ARCH-001,DECISION_LED,MAPPED,Single SSO domain required for all Identity Broker modes (EMBEDDED / APPLIANCE / THREE_NODE_HA).,VCF 9.1,https://techdocs.broadcom.com/us/en/vmware-cis/vcf/vcf-9-0-and-later/9-1/design/design-library/workload-domain-deployment-models.html,prefix:VCF-WLD-
VCF-WLD-REQD-CFG-005,CORE,Domain Naming Standard,Required,ALWAYS,Use standard naming conventions without special characters for workload domains.,Prevents deployment and API integration errors during automated provisioning workflows.,DEC-WLD-001,BL-ARCH-001,BASELINE,MAPPED,Inherited BL-ARCH-001 control; retained without presenting it as a questionnaire branch.,VCF 9.1,https://techdocs.broadcom.com/us/en/vmware-cis/vcf/vcf-9-0-and-later/9-1/design/design-library/workload-domain-deployment-models.html,prefix:VCF-WLD-
VCF-WLD-REQD-CFG-006,CORE,Disaggregated Architecture Boundary,Required,hldArchitectureModel=DISAGGREGATED,Separate compute and storage scale units with explicit capacity and failure-domain boundaries between clusters.,Disaggregated VCF topologies require distinct planning for storage clusters versus compute VI domains so growth and failure domains stay independent.,DEC-ARCH-002; DEC-STG-001,BL-ARCH-001,DECISION_LED,MAPPED,Activated when platform architecture is Disaggregated.,VCF 9.1,https://techdocs.broadcom.com/us/en/vmware-cis/vcf/vcf-9-0-and-later/9-1/design/design-library/workload-domain-deployment-models/workload-domain-deployment-model.html,prefix:VCF-WLD-
VCF-SDDCMGR-REQD-CFG-001,CORE,SDDC Manager Placement,Required,ALWAYS,Deploy an SDDC Manager system in the first availability zone of the management domain.,SDDC Manager is required to perform VCF lifecycle capabilities and domain provisioning.,DEC-ARCH-001; DEC-ARCH-002,BL-MGMT-001,INHERIT_PARENT_SCOPE,MAPPED,"Required after parent decision DEC-ARCH-001, DEC-ARCH-002 activates this domain or solution.",VCF 9.1,https://techdocs.broadcom.com/us/en/vmware-cis/vcf/vcf-9-0-and-later/9-1/design/design-library/workload-domain-deployment-models/management-domain-deployment-model.html,prefix:VCF-SDDCMGR-
VCF-SDDCMGR-REQD-CFG-002,CORE,SDDC Manager Network,Required,ALWAYS,Place the SDDC Manager appliance on the VM management network.,Simplifies IP addressing for management VMs by using the same VLAN and subnet.,DEC-ARCH-001; DEC-ARCH-002,BL-MGMT-001,BASELINE,MAPPED,Inherited BL-MGMT-001 control; retained without presenting it as a questionnaire branch.,VCF 9.1,https://techdocs.broadcom.com/us/en/vmware-cis/vcf/vcf-9-0-and-later/9-1/design/design-library/workload-domain-deployment-models/management-domain-deployment-model.html,prefix:VCF-SDDCMGR-
VCF-SDDCMGR-REQD-CFG-003,CORE,SDDC Manager Backup,Required,ALWAYS,Configure file-based backup for the SDDC Manager appliance using an external SFTP server.,Ensures rapid recovery of the central orchestrator in the event of severe management domain failure.,DEC-ARCH-001; DEC-ARCH-002; DEC-PROT-001; DEC-PROT-002,BL-MGMT-001,BASELINE,MAPPED,Inherited BL-MGMT-001 control; retained without presenting it as a questionnaire branch.,VCF 9.1,https://techdocs.broadcom.com/us/en/vmware-cis/vcf/vcf-9-0-and-later/9-1/design/design-blueprints-for/security-modernization/vcf-backup-and-restore.html,title-hint
VCF-SDDCMGR-REQD-CFG-004,CORE,SDDC Manager NTP,Required,ALWAYS,Configure SDDC Manager to use external NTP sources.,Maintains strict time synchronization across the entire SDDC stack required for certificate validity and logs.,DEC-ARCH-001; DEC-ARCH-002; DEC-NET-003,BL-MGMT-001,BASELINE,MAPPED,Inherited BL-MGMT-001 control; retained without presenting it as a questionnaire branch.,VCF 9.1,https://techdocs.broadcom.com/us/en/vmware-cis/vcf/vcf-9-0-and-later/9-1/design/design-library/external-services-design.html,title-hint
VCF-SDDCMGR-REQD-CFG-005,CORE,SDDC Manager Sizing,Required,ALWAYS,Do not alter the default vCPU and RAM configuration of the SDDC Manager appliance.,Broadcom validates the default appliance sizing; manual changes may impact lifecycle automation performance.,DEC-ARCH-001; DEC-ARCH-002; DEC-AVAIL-002,BL-MGMT-001,INHERIT_PARENT_SCOPE,MAPPED,"Required after parent decision DEC-ARCH-001, DEC-ARCH-002, DEC-AVAIL-002 activates this domain or solution.",VCF 9.1,https://techdocs.broadcom.com/us/en/vmware-cis/vcf/vcf-9-0-and-later/9-1/design/design-library/workload-domain-deployment-models/management-domain-deployment-model.html,prefix:VCF-SDDCMGR-
VCF-VC-REQD-CFG-001,CORE,Management vCenter Server,Required,ALWAYS,Deploy a dedicated vCenter Server in the Management Domain.,Isolates control plane operations from tenant workload domain vCenters.,DEC-ARCH-002; DEC-WLD-001,BL-VC-001,INHERIT_PARENT_SCOPE,MAPPED,"Required after parent decision DEC-ARCH-002, DEC-WLD-001 activates this domain or solution.",VCF 9.1,https://techdocs.broadcom.com/us/en/vmware-cis/vcf/vcf-9-0-and-later/9-1/design/design-library/vsphere-detailed-design/vcenter-design.html,prefix:VCF-VC-
VCF-VC-REQD-CFG-002,CORE,Workload Domain vCenter,Required,ALWAYS,Deploy a dedicated vCenter Server for each Virtual Infrastructure (VI) Workload Domain.,Maintains isolation and limits fault domains across separate tenant environments.,DEC-ARCH-002; DEC-WLD-001,BL-VC-001,INHERIT_PARENT_SCOPE,MAPPED,"Required after parent decision DEC-ARCH-002, DEC-WLD-001 activates this domain or solution.",VCF 9.1,https://techdocs.broadcom.com/us/en/vmware-cis/vcf/vcf-9-0-and-later/9-1/design/design-library/vsphere-detailed-design/vcenter-design.html,prefix:VCF-VC-
VCF-VC-REQD-CFG-003,CORE,vCenter High Availability,Required,ALWAYS,Protect the Management vCenter using vSphere HA rather than vCenter Server High Availability (VCHA).,Reduces complexity and overhead; vSphere HA provides sufficient automated recovery for the management plane.,DEC-ARCH-002; DEC-WLD-001; DEC-AVAIL-002,BL-VC-001,INHERIT_PARENT_SCOPE,MAPPED,"Required after parent decision DEC-ARCH-002, DEC-WLD-001, DEC-AVAIL-002 activates this domain or solution.",VCF 9.1,https://techdocs.broadcom.com/us/en/vmware-cis/vcf/vcf-9-0-and-later/9-1/design/design-library/vsphere-detailed-design/vcenter-design.html,prefix:VCF-VC-
VCF-VC-REQD-CFG-004,CORE,vCenter File-Based Backup,Required,ALWAYS,Configure file-based backup for all vCenter Server instances via SFTP/FTPS/SMB.,Enables seamless bare-metal restoration of vCenter without relying on external snapshot dependencies.,DEC-ARCH-002; DEC-WLD-001; DEC-PROT-001; DEC-PROT-002,BL-VC-001,BASELINE,MAPPED,Inherited BL-VC-001 control; retained without presenting it as a questionnaire branch.,VCF 9.1,https://techdocs.broadcom.com/us/en/vmware-cis/vcf/vcf-9-0-and-later/9-1/design/design-library/vsphere-detailed-design/vcenter-design.html,prefix:VCF-VC-
VCF-VC-REQD-CFG-005,CORE,vCenter Appliance Sizing,Required,ALWAYS,Size the vCenter Server appliance based on the anticipated host and VM count.,Ensures adequate inventory tracking and API responsiveness for large-scale environments.,DEC-ARCH-002; DEC-WLD-001; DEC-AVAIL-002,BL-VC-001,INHERIT_PARENT_SCOPE,MAPPED,"Required after parent decision DEC-ARCH-002, DEC-WLD-001, DEC-AVAIL-002 activates this domain or solution.",VCF 9.1,https://techdocs.broadcom.com/us/en/vmware-cis/vcf/vcf-9-0-and-later/9-1/design/design-library/vsphere-detailed-design/vcenter-design.html,prefix:VCF-VC-
VCF-CLS-REQD-CFG-001,CORE,Cluster Services Minimums,Required,ALWAYS,"Deploy minimum 4 hosts for management cluster, 3 for VI workload domains.",Ensures N-1 availability and meets vSAN fault tolerance minimums.,DEC-AVAIL-002,BL-COMP-001,INHERIT_PARENT_SCOPE,MAPPED,Required after parent decision DEC-AVAIL-002 activates this domain or solution.,VCF 9.1,https://techdocs.broadcom.com/us/en/vmware-cis/vcf/vcf-9-0-and-later/9-1/design/design-library/cluster-models.html,prefix:VCF-CLS-
VCF-CLS-REQD-CFG-002,CORE,Cluster High Availability,Required,ALWAYS,Enable vSphere HA and DRS in fully automated mode on all clusters.,Provides dynamic load balancing and automated recovery without manual intervention.,DEC-AVAIL-002,BL-COMP-001,INHERIT_PARENT_SCOPE,MAPPED,Required after parent decision DEC-AVAIL-002 activates this domain or solution.,VCF 9.1,https://techdocs.broadcom.com/us/en/vmware-cis/vcf/vcf-9-0-and-later/9-1/design/design-library/cluster-models.html,prefix:VCF-CLS-
VCF-CLS-RCMD-CFG-001,CORE,Enhanced vMotion Compatibility,Recommended,ALWAYS,Enable EVC at the cluster level.,Allows for seamless vMotion as physical host hardware is upgraded over time.,DEC-ARCH-002,BL-COMP-001,BASELINE,MAPPED,Inherited BL-COMP-001 control; retained without presenting it as a questionnaire branch.,VCF 9.1,https://techdocs.broadcom.com/us/en/vmware-cis/vcf/vcf-9-0-and-later/9-1/design/design-library/cluster-models.html,prefix:VCF-CLS-
VCF-CLS-REQD-CFG-003,CORE,Lifecycle Management,Required,"hldLifecycleStrategy IN [ROLLING,LIVE_PATCH]",Use vSphere Lifecycle Manager (vLCM) with a single image per cluster.,Ensures strict host configuration consistency across the cluster.,DEC-LCM-001,BL-COMP-001,DECISION_LED,MAPPED,Advanced lifecycle (rolling / live patch) controls when strategy is not STANDARD.,VCF 9.1,https://techdocs.broadcom.com/us/en/vmware-cis/vcf/vcf-9-0-and-later/9-1/design/design-library/cluster-models.html,prefix:VCF-CLS-
VCF-CLS-REQD-CFG-004,CORE,Standard Lifecycle Cadence,Required,hldLifecycleStrategy=STANDARD,Operate lifecycle updates on the standard SDDC Manager cadence without rolling or live-patch concurrency models.,STANDARD strategy keeps BOM and concurrency simpler; capturing it ensures the dropdown always maps an ID.,DEC-LCM-001,BL-COMP-001,DECISION_LED,MAPPED,Activated when lifecycle strategy is STANDARD.,VCF 9.1,https://techdocs.broadcom.com/us/en/vmware-cis/vcf/vcf-9-0-and-later/9-1/design/design-library/cluster-models.html,prefix:VCF-CLS-
VCF-NET-REQD-CFG-001,CORE,Uplink Configuration,Required,ALWAYS,Do not use EtherChannel (LAG LACP or vPC) configuration for ESXi host uplinks.,Simplifies top-of-rack switch configuration. Teaming options in vDS provide sufficient load balancing.,DEC-NET-006,BL-NET-001,INHERIT_PARENT_SCOPE,MAPPED,Required after parent decision DEC-NET-006 activates this domain or solution.,VCF 9.1,https://techdocs.broadcom.com/us/en/vmware-cis/vcf/vcf-9-0-and-later/9-1/design/design-library/network-designs.html,title-hint
VCF-NET-REQD-CFG-002,CORE,Jumbo Frames,Required,ALWAYS,Configure jumbo frames (MTU 9000) on all ESXi host physical network adapters.,Optimizes performance for vSAN storage replication and NSX GENEVE overlay traffic.,DEC-NET-003; DEC-NET-006,BL-NET-001,INHERIT_PARENT_SCOPE,MAPPED,"Required after parent decision DEC-NET-003, DEC-NET-006 activates this domain or solution.",VCF 9.1,https://techdocs.broadcom.com/us/en/vmware-cis/vcf/vcf-9-0-and-later/9-1/design/design-library/network-designs.html,title-hint
VCF-NET-REQD-CFG-003,CORE,Management VLAN,Required,ALWAYS,Allocate a dedicated untagged or tagged VLAN for ESXi management traffic.,Ensures unhindered access to host management interfaces regardless of NSX state.,DEC-NET-003; DEC-NET-006,BL-NET-001,BASELINE,MAPPED,Inherited BL-NET-001 control; retained without presenting it as a questionnaire branch.,VCF 9.1,https://techdocs.broadcom.com/us/en/vmware-cis/vcf/vcf-9-0-and-later/9-1/design/design-library/network-designs.html,title-hint
VCF-NET-REQD-CFG-004,CORE,vMotion Network,Required,ALWAYS,Place vMotion traffic on a dedicated non-routable VLAN.,Isolates unencrypted memory transfers and prevents security vulnerabilities across host boundaries.,DEC-ARCH-002,BL-NET-001,BASELINE,MAPPED,Inherited BL-NET-001 control; retained without presenting it as a questionnaire branch.,VCF 9.1,https://techdocs.broadcom.com/us/en/vmware-cis/vcf/vcf-9-0-and-later/9-1/design/design-library/network-designs.html,prefix:VCF-NET-
VCF-NET-REQD-CFG-005,CORE,vSAN Network Isolation,Required,ALWAYS,Configure vSAN traffic on a dedicated isolated VLAN with no default gateway.,Maximizes storage replication performance and prevents storage traffic from leaking into the corporate WAN.,DEC-ARCH-002,BL-NET-001,BASELINE,MAPPED,Inherited BL-NET-001 control; retained without presenting it as a questionnaire branch.,VCF 9.1,https://techdocs.broadcom.com/us/en/vmware-cis/vcf/vcf-9-0-and-later/9-1/design/design-library/network-designs.html,prefix:VCF-NET-
VCF-HCX-REQD-CFG-001,CORE,HCX Manager Placement,Required,derivedHcx=true,Deploy the HCX Manager appliance in the management domain of both the source and destination sites.,Provides the control plane for hybrid cloud workload mobility and network extension.,DEC-MOB-001,BL-SOL-001,DECISION_LED,MAPPED,Activated by derivedHcx=true; governed by DEC-MOB-001.,VCF 9.1,https://techdocs.broadcom.com/us/en/vmware-cis/vcf/vcf-9-0-and-later/9-1/workload-mobility/getting-started-with-vmware-hcx-vcf-9-0/introduction-to-hcx-site-manager-deployments/hcx-connector-and-hcx-cloud-sites.html,prefix:VCF-HCX-
VCF-HCX-REQD-CFG-002,CORE,HCX Compute Profile,Required,derivedHcx=true,Configure an HCX Compute Profile that includes all ESXi hosts intended for workload migration.,Authorizes specific clusters to participate in HCX Service Mesh deployments.,DEC-MOB-001,BL-SOL-001,DECISION_LED,MAPPED,Activated by derivedHcx=true; governed by DEC-MOB-001.,VCF 9.1,https://techdocs.broadcom.com/us/en/vmware-cis/vcf/vcf-9-0-and-later/9-1/workload-mobility/getting-started-with-vmware-hcx-vcf-9-0/introduction-to-hcx-site-manager-deployments/hcx-connector-and-hcx-cloud-sites.html,prefix:VCF-HCX-
VCF-HCX-REQD-CFG-003,CORE,HCX Network Extension (L2 Stretch),Required,derivedHcx=true,Use HCX Network Extension appliances to stretch Layer 2 networks between sites during migration.,Allows VMs to retain their IP addresses and MAC addresses when migrating across locations.,DEC-MOB-001,BL-SOL-001,DECISION_LED,MAPPED,Activated by derivedHcx=true; governed by DEC-MOB-001.,VCF 9.1,https://techdocs.broadcom.com/us/en/vmware-cis/vcf/vcf-9-0-and-later/9-1/workload-mobility/getting-started-with-vmware-hcx-vcf-9-0/introduction-to-hcx-site-manager-deployments/hcx-connector-and-hcx-cloud-sites.html,prefix:VCF-HCX-
VCF-HCX-REQD-CFG-004,CORE,HCX Service Mesh,Required,derivedHcx=true,"Deploy an HCX Service Mesh consisting of Interconnect, WAN Optimization, and Network Extension appliances.","Establishes the data plane required for optimized, secure, and high-throughput workload mobility.",DEC-MOB-001,BL-SOL-001,DECISION_LED,MAPPED,Activated by derivedHcx=true; governed by DEC-MOB-001.,VCF 9.1,https://techdocs.broadcom.com/us/en/vmware-cis/vcf/vcf-9-0-and-later/9-1/workload-mobility/getting-started-with-vmware-hcx-vcf-9-0/introduction-to-hcx-site-manager-deployments/hcx-connector-and-hcx-cloud-sites.html,prefix:VCF-HCX-
VCF-CERT-REQD-CFG-001,CORE,Enterprise CA Integration,Required,"hldCaModel IN [MICROSOFT_CA,OPENSSL,ENTERPRISE_PKI]",Configure SDDC Manager to integrate directly with an Enterprise Certificate Authority (Microsoft CA or custom).,"Automates the generation, signing, and rotation of certificates across all VCF components.",DEC-ID-002,BL-SEC-001,DECISION_LED,MAPPED,Enterprise CA integration for non-VMCA certificate authorities.,VCF 9.1,https://techdocs.broadcom.com/us/en/vmware-cis/vcf/vcf-9-0-and-later/9-1/design/design-library/single-sign-on-models.html,title-hint
VCF-CERT-REQD-CFG-002,CORE,VMCA Subordinate Configuration,Required,hldCaModel=VMCA,Configure the vCenter Server VMCA as a subordinate CA to the Enterprise Root CA.,Allows vCenter to automatically issue trusted certificates to ESXi hosts without manual intervention.,DEC-ID-002,BL-SEC-001,DECISION_LED,MAPPED,VMCA subordinate configuration when CA model is VMCA.,VCF 9.1,https://techdocs.broadcom.com/us/en/vmware-cis/vcf/vcf-9-0-and-later/9-1/design/design-library/single-sign-on-models.html,title-hint
VCF-BKP-REQD-CFG-001,CORE,Centralized SFTP Server Placement,Required,ALWAYS,"Deploy a highly available, centralized SFTP server outside of the VCF management domain.","Provides a resilient, external repository for native file-based backups of SDDC Manager, vCenter, and NSX Manager.",DEC-ARCH-002,BL-PROT-001,INHERIT_PARENT_SCOPE,MAPPED,Required after parent decision DEC-ARCH-002 activates this domain or solution.,VCF 9.1,https://techdocs.broadcom.com/us/en/vmware-cis/vcf/vcf-9-0-and-later/9-1/design/design-blueprints-for/security-modernization/vcf-backup-and-restore.html,title-hint
VCF-BKP-REQD-CFG-002,CORE,Management Component Retention Policy,Required,hldRecoveryObjectives!=UNRESOLVED,Configure a backup retention policy of at least 7 days for all VCF management components.,Ensures multiple recovery points exist to roll back from failed upgrades or logical corruption.,DEC-PROT-001; DEC-PROT-002,BL-PROT-001,DECISION_LED,MAPPED,Retention policy refinement applies once recovery objectives are architect-defined.,VCF 9.1,https://techdocs.broadcom.com/us/en/vmware-cis/vcf/vcf-9-0-and-later/9-1/design/design-blueprints-for/security-modernization/vcf-backup-and-restore.html,prefix:VCF-BKP-
VCF-BKP-REQD-CFG-003,CORE,Workload Backup Protection Model,Required,hldProtectionModel=BACKUP,Protect workloads with file-based / image-based backup pipelines (SFTP/object targets) without requiring cross-site Live Recovery pairing.,Maps the BACKUP protection-model selection to concrete backup placement and retention Design IDs.,DEC-PROT-001; DEC-PROT-002,BL-PROT-001,DECISION_LED,MAPPED,Activated when protection model is Backup.,VCF 9.1,https://techdocs.broadcom.com/us/en/vmware-cis/vcf/vcf-9-0-and-later/9-1/design/design-library/sddc-manager-design.html,prefix:VCF-BKP-
VCF-BKP-REQD-CFG-004,CORE,Local Recovery Protection Model,Required,hldProtectionModel=LOCAL_RECOVERY,Size local recovery (same-site restore / local replication targets) without mandatory cross-site pairing or isolated cyber-vault controls.,Maps the LOCAL_RECOVERY protection-model selection so every Protection Model option resolves to a Design ID.,DEC-PROT-001; DEC-PROT-002,BL-PROT-001,DECISION_LED,MAPPED,Activated when protection model is Local recovery.,VCF 9.1,https://techdocs.broadcom.com/us/en/vmware-cis/vcf/vcf-9-0-and-later/9-1/design/design-blueprints-for/security-modernization/vcf-disaster-recovery.html,prefix:VCF-BKP-
VCF-VLR-REQD-CFG-001,DR,Live Recovery Placement,Required,"hldProtectionModel IN [REPLICATION,CYBER_VAULT]",Deploy VMware Live Recovery (VLR) management appliances in the management domain.,Isolates DR orchestration components from the protected workload infrastructure.,DEC-PROT-001; DEC-AVAIL-001,BL-PROT-001,DECISION_LED,MAPPED,Live Recovery / replication design applies when protection model is site replication or cyber vault.,VCF 9.1,https://techdocs.broadcom.com/us/en/vmware-cis/vcf/vcf-9-0-and-later/9-1/design/design-blueprints-for/security-modernization/vcf-disaster-recovery.html,prefix:VCF-VLR-
VCF-VLR-REQD-CFG-002,DR,Cross-Site Pairing,Required,"hldProtectionModel IN [REPLICATION,CYBER_VAULT]",Establish bidirectional pairing between the protected and recovery VCF instances.,Required to sync inventory mappings and execute automated recovery plans.,DEC-PROT-001; DEC-AVAIL-001,BL-PROT-001,DECISION_LED,MAPPED,Live Recovery / replication design applies when protection model is site replication or cyber vault.,VCF 9.1,https://techdocs.broadcom.com/us/en/vmware-cis/vcf/vcf-9-0-and-later/9-1/design/design-blueprints-for/security-modernization/vcf-disaster-recovery.html,prefix:VCF-VLR-
VCF-VLR-REQD-CFG-003,DR,vSphere Replication,Required,"hldProtectionModel IN [REPLICATION,CYBER_VAULT]",Deploy vSphere Replication appliances mapped to the specific VI workload domain clusters.,Handles the data-plane block replication for VMs not protected by array-based replication.,DEC-PROT-001; DEC-AVAIL-001,BL-PROT-001,DECISION_LED,MAPPED,Live Recovery / replication design applies when protection model is site replication or cyber vault.,VCF 9.1,https://techdocs.broadcom.com/us/en/vmware-cis/vcf/vcf-9-0-and-later/9-1/design/design-blueprints-for/security-modernization/vcf-disaster-recovery.html,prefix:VCF-VLR-
VCF-EDGE-REQD-PAT-001,EDGE,Centrally Managed Edge (Pattern 1),Required,activeEdgePattern=1,Deploy centrally managed edge compute clusters within a central workload domain.,Provides consistent lifecycle and governance operations for standard branch deployments.,DEC-EDGE-001,BL-EDGE-001,DECISION_LED,MAPPED,Activated by activeEdgePattern=1; governed by DEC-EDGE-001.,VCF 9.1,https://techdocs.broadcom.com/us/en/vmware-cis/vcf/vcf-9-0-and-later/9-1/design/design-library/vcf-edge-options-and-patterns-9-x/design-options-with-vcf-edge-full-stack/vcf-edge-centrally-managed-edge-compute-clusters.html,exact-id
VCF-EDGE-REQD-PAT-002,EDGE,Segregated Edge WLD (Pattern 2),Required,activeEdgePattern=2,Segregate edge environments across regional workload domains.,Improves isolation resiliency and regional autonomy for large-scale distributed sites.,DEC-EDGE-001,BL-EDGE-001,DECISION_LED,MAPPED,Activated by activeEdgePattern=2; governed by DEC-EDGE-001.,VCF 9.1,https://techdocs.broadcom.com/us/en/vmware-cis/vcf/vcf-9-0-and-later/9-1/design/design-library/vcf-edge-options-and-patterns-9-x/design-options-with-vcf-edge-full-stack/vcf-edge-segregated-deployment-across-multi-region-domains.html,exact-id
VCF-EDGE-REQD-PAT-003,EDGE,Locally Managed Edge (Pattern 3),Required,activeEdgePattern=3,Deploy localized management components (vCenter) directly at the edge location.,Reduces dependency on centralized infrastructure and improves site autonomy during WAN outages.,DEC-EDGE-001,BL-EDGE-001,DECISION_LED,MAPPED,Activated by activeEdgePattern=3; governed by DEC-EDGE-001.,VCF 9.1,https://techdocs.broadcom.com/us/en/vmware-cis/vcf/vcf-9-0-and-later/9-1/design/design-library/vcf-edge-options-and-patterns-9-x/design-options-with-vcf-edge-full-stack/vcf-edge-locally-managed-edge.html,exact-id
VCF-EDGE-REQD-PAT-004,EDGE,Distributed VCF Fleet (Pattern 4),Required,activeEdgePattern=4,Implement a shared VCF Fleet model with centralized governance and regional isolation.,Supports multiple distributed edge regions scaling beyond the capacity of a single SDDC Manager.,DEC-EDGE-001,BL-EDGE-001,DECISION_LED,MAPPED,Activated by activeEdgePattern=4; governed by DEC-EDGE-001.,VCF 9.1,https://techdocs.broadcom.com/us/en/vmware-cis/vcf/vcf-9-0-and-later/9-1/design/design-library/vcf-edge-options-and-patterns-9-x/design-options-with-vcf-edge-full-stack/vcf-edge-pattern-multi-region-fleet-distributed-edge.html,exact-id
VCF-EDGE-REQD-PAT-005,EDGE,Dark Site Edge (Pattern 5),Required,activeEdgePattern=5,Design edge deployments as Dark Sites for disconnected or air-gapped environments.,Requires local implementation of DNS NTP Identity and Licensing with minimal external dependencies.,DEC-EDGE-001,BL-EDGE-001,DECISION_LED,MAPPED,Activated by activeEdgePattern=5; governed by DEC-EDGE-001.,VCF 9.1,https://techdocs.broadcom.com/us/en/vmware-cis/vcf/vcf-9-0-and-later/9-1/design/design-library/vcf-edge-options-and-patterns-9-x/design-options-with-vcf-edge-full-stack/vcf-edge-dark-site.html,exact-id
VCF-EDGE-REQD-PAT-006,EDGE,Supervisor at the Edge (Pattern 6),Required,activeEdgePattern=6,Extend vSphere Supervisor (VKS) control plane to edge compute clusters.,Enables native Kubernetes management for edge workloads like OpenShift Rancher or Tanzu.,DEC-EDGE-001,BL-EDGE-001,DECISION_LED,MAPPED,Activated by activeEdgePattern=6; governed by DEC-EDGE-001.,VCF 9.1,https://techdocs.broadcom.com/us/en/vmware-cis/vcf/vcf-9-0-and-later/9-1/design/design-library/vcf-edge-options-and-patterns-9-x/design-options-with-vcf-edge-full-stack/vcf-edge-pattern-supervisor-multiple-domains.html,exact-id
VCF-EDGE-REQD-PAT-007,EDGE,Zonal Edge Separation (Pattern 7),Required,activeEdgePattern=7,Use zonal separation for Supervisor workloads across multiple edge environments.,Improves resiliency and fault isolation for Kubernetes clusters spanning physical store locations.,DEC-EDGE-001; DEC-VKS-002,BL-EDGE-001,DECISION_LED,MAPPED,"Activated by activeEdgePattern=7; governed by DEC-EDGE-001, DEC-VKS-002.",VCF 9.1,https://techdocs.broadcom.com/us/en/vmware-cis/vcf/vcf-9-0-and-later/9-1/design/design-library/vcf-edge-options-and-patterns-9-x/design-options-with-vcf-edge-full-stack/vcf-edge-supervisor-zonal-separation.html,exact-id
VCF-EDGE-REQD-PAT-008,EDGE,Single-Host Supervisor (Pattern 8),Required,activeEdgePattern=8,Deploy a single-host vSphere Supervisor (VKS) architecture at the edge.,Minimizes the hardware footprint for lightweight or non-critical edge container deployments.,DEC-EDGE-001,BL-EDGE-001,DECISION_LED,MAPPED,Activated by activeEdgePattern=8; governed by DEC-EDGE-001.,VCF 9.1,https://techdocs.broadcom.com/us/en/vmware-cis/vcf/vcf-9-0-and-later/9-1/design/design-library/vcf-edge-options-and-patterns-9-x/design-options-with-vcf-edge-full-stack/vcf-edge-single-host-vsphere-supervisor.html,exact-id
VCF-EDGE-REQD-PAT-009,EDGE,Cloud Proxy for Remote Edge (Pattern 9),Required,activeEdgePattern=9,Deploy VCF Ops Cloud Proxies at remote edge sites with WAN latency > 100ms.,Buffers telemetry locally during WAN link drops to prevent central engine overload and data loss.,DEC-EDGE-001; DEC-OPS-002,BL-EDGE-001,DECISION_LED,MAPPED,"Activated by activeEdgePattern=9; governed by DEC-EDGE-001, DEC-OPS-002.",VCF 9.1,https://techdocs.broadcom.com/us/en/vmware-cis/vcf/vcf-9-0-and-later/9-1/design/design-library/vcf-edge-options-and-patterns-9-x/design-options-with-vcf-edge-full-stack/vcf-edge-existing-vcf-operations-far-edge-expansion.html,exact-id
VCF-EDGE-REQD-PAT-010,EDGE,Colocated vCenter/ESXi (Pattern 10),Required,activeEdgePattern=10,Deploy vCenter alongside ESXi hosts at the edge site.,Provides localized infrastructure management and operational independence without requiring a full management cluster.,DEC-EDGE-001,BL-EDGE-001,DECISION_LED,MAPPED,Activated by activeEdgePattern=10; governed by DEC-EDGE-001.,VCF 9.1,https://techdocs.broadcom.com/us/en/vmware-cis/vcf/vcf-9-0-and-later/9-1/design/design-library/vcf-edge-options-and-patterns-9-x/design-options-with-vcf-edge-full-stack/vcf-edge-colocated-vcenter-with-esx-host.html,exact-id
VCF-VDS-COM-REQD-CFG-001,NET,Distributed Switch Model,Required,ALWAYS,Deploy a single vSphere Distributed Switch (vDS) per cluster.,Simplifies management and standardizes uplink configuration using NIOC.,DEC-NET-001,BL-NET-001,INHERIT_PARENT_SCOPE,MAPPED,Required after parent decision DEC-NET-001 activates this domain or solution.,VCF 9.1,https://techdocs.broadcom.com/us/en/vmware-cis/vcf/vcf-9-0-and-later/9-1/design/design-library/network-designs/vsphere-cluster-network-models.html,prefix:VCF-VDS-
VCF-VPC-REQD-CFG-001,NET,Advanced VPC Networking,Required,networkingModel=VPC,Utilize Advanced VPC logical constructs for multi-tenant network isolation.,Delegates IP address and subnet management securely to tenant operators.,DEC-NET-001; DEC-NET-007; DEC-NET-008,BL-NET-001,DECISION_LED,MAPPED,Baseline Advanced VPC networking when networkingModel=VPC; policy-specific children refine connectivity.,VCF 9.1,https://techdocs.broadcom.com/us/en/vmware-cis/vcf/vcf-9-0-and-later/9-1/design/design-library/workload-connectivity-designs.html,prefix:VCF-VPC-
VCF-VPC-REQD-CFG-002,NET,Isolated VPC Connectivity,Required,networkingModel=VPC; hldVpcConnectivityPolicy=ISOLATED,Configure VPCs with isolated connectivity — no community or shared-services east-west paths by default.,Isolated policy minimizes blast radius; design must document how shared services are reached without community peering.,DEC-NET-001; DEC-NET-007,BL-NET-001,DECISION_LED,MAPPED,Activated when networkingModel=VPC and hldVpcConnectivityPolicy=ISOLATED.,VCF 9.1,https://techdocs.broadcom.com/us/en/vmware-cis/vcf/vcf-9-0-and-later/9-1/design/design-library/workload-connectivity-designs.html,prefix:VCF-VPC-
VCF-VPC-REQD-CFG-003,NET,Community VPC Connectivity,Required,networkingModel=VPC; hldVpcConnectivityPolicy=COMMUNITY,Enable community connectivity between selected VPCs with explicit allow-lists and route exchange controls.,Community policy requires documented peer groups and traffic contracts between application VPCs.,DEC-NET-001; DEC-NET-007,BL-NET-001,DECISION_LED,MAPPED,Activated when networkingModel=VPC and hldVpcConnectivityPolicy=COMMUNITY.,VCF 9.1,https://techdocs.broadcom.com/us/en/vmware-cis/vcf/vcf-9-0-and-later/9-1/design/design-library/workload-connectivity-designs.html,prefix:VCF-VPC-
VCF-VPC-REQD-CFG-004,NET,Shared Services VPC Connectivity,Required,networkingModel=VPC; hldVpcConnectivityPolicy=SHARED_SERVICES,"Publish shared services (DNS, AD, monitoring, image registry) via a dedicated shared-services VPC/attachment model.",Shared-services connectivity centralizes common platforms while keeping tenant VPCs from full mesh peering.,DEC-NET-001; DEC-NET-007,BL-NET-001,DECISION_LED,MAPPED,Activated when networkingModel=VPC and hldVpcConnectivityPolicy=SHARED_SERVICES.,VCF 9.1,https://techdocs.broadcom.com/us/en/vmware-cis/vcf/vcf-9-0-and-later/9-1/design/design-library/workload-connectivity-designs.html,prefix:VCF-VPC-
VCF-NET-REQD-CFG-006,NET,VLAN Separation,Required,hldNicProfile=4,Use VLANs to separate physical network functions.,Supports physical network connectivity without requiring many NICs and isolates different network functions.,DEC-NET-001; DEC-NET-003; DEC-NET-006,BL-NET-001,DECISION_LED,MAPPED,"Activated by hldNicProfile=4; governed by DEC-NET-001, DEC-NET-003, DEC-NET-006.",VCF 9.1,https://techdocs.broadcom.com/us/en/vmware-cis/vcf/vcf-9-0-and-later/9-1/design/design-library/network-designs.html,title-hint
VCF-NET-REQD-CFG-007,NET,802.1Q Trunking,Required,ALWAYS,Configure the VLANs as members of an 802.1Q trunk.,Allows all VLANs to be available on the same physical network adapters on the ESXi hosts.,DEC-NET-001; DEC-NET-003; DEC-NET-006,BL-NET-001,BASELINE,MAPPED,Inherited BL-NET-001 control; retained without presenting it as a questionnaire branch.,VCF 9.1,https://techdocs.broadcom.com/us/en/vmware-cis/vcf/vcf-9-0-and-later/9-1/design/design-library/network-designs.html,title-hint
VCF-NET-REQD-CFG-008,NET,Inter-Instance MTU,Required,hldSiteTopology=MULTI,"Set the MTU size to at least 1,500 bytes on the components of the physical network between the VCF instances.",Prevents packet fragmentation for cross-instance management traffic.,DEC-NET-001; DEC-NET-003; DEC-NET-006,BL-NET-001,DECISION_LED,MAPPED,"Activated by hldSiteTopology=MULTI; governed by DEC-NET-001, DEC-NET-003, DEC-NET-006.",VCF 9.1,https://techdocs.broadcom.com/us/en/vmware-cis/vcf/vcf-9-0-and-later/9-1/design/design-library/network-designs.html,title-hint
VCF-NET-L3MR-REQD-CFG-001,NET,Multi-Rack VLANs,Required,networkPhysicalTopology=L3_ROUTED,"For a multi-rack compute VI workload domain cluster, provide separate VLANs per rack for each network function.",Limits Layer 2 broadcast domains and scales network topology efficiently.,DEC-NET-001; DEC-NET-003; DEC-NET-006,BL-NET-001,DECISION_LED,MAPPED,"Activated by networkPhysicalTopology=L3_ROUTED; governed by DEC-NET-001, DEC-NET-003, DEC-NET-006.",VCF 9.1,https://techdocs.broadcom.com/us/en/vmware-cis/vcf/vcf-9-0-and-later/9-1/design/design-library/cluster-models/layer-3-multi-rack-cluster.html,exact-id
VCF-NET-L3MR-REQD-CFG-002,NET,Multi-Rack Routing,Required,networkPhysicalTopology=L3_ROUTED,"For a multi-rack compute VI workload domain cluster, the subnets for each network per rack must be routable and reachable to the leaf switches in the other racks.",Enables L3 communication between racks for stretched vSAN and vMotion traffic.,DEC-NET-001,BL-NET-001,DECISION_LED,MAPPED,Activated by networkPhysicalTopology=L3_ROUTED; governed by DEC-NET-001.,VCF 9.1,https://techdocs.broadcom.com/us/en/vmware-cis/vcf/vcf-9-0-and-later/9-1/design/design-library/cluster-models/layer-3-multi-rack-cluster.html,exact-id
VCF-AVI-REQD-CFG-001,NSX,Advanced Load Balancing,Required,ALWAYS,Deploy VMware Avi Load Balancer controllers in the Management Domain.,Replaces legacy NSX load balancing providing robust L4/L7 ingress and WAF.,DEC-NET-001; DEC-NET-004,BL-NSX-001,INHERIT_PARENT_SCOPE,MAPPED,"Required after parent decision DEC-NET-001, DEC-NET-004 activates this domain or solution.",VCF 9.1,https://techdocs.broadcom.com/us/en/vmware-cis/vcf/vcf-9-0-and-later/9-1/design/design-library/vcf-load-balancing-detailed-design.html,prefix:VCF-AVI-
VCF-NSX-LM-REQD-CFG-001,NSX,NSX Manager Network,Required,ALWAYS,Place the appliances of the NSX Manager cluster on the VM management network in the management domain.,Provides direct secure connection to the ESXi hosts and vCenter Server for distributed network services.,DEC-NET-001,BL-NSX-001,INHERIT_PARENT_SCOPE,MAPPED,Required after parent decision DEC-NET-001 activates this domain or solution.,VCF 9.1,https://techdocs.broadcom.com/us/en/vmware-cis/vcf/vcf-9-0-and-later/9-1/design/design-library/nsx-management-and-control-plane-detailed-design.html,prefix:VCF-NSX-LM-
VCF-NSX-LM-REQD-CFG-002,NSX,Mgmt Domain NSX Cluster,Required,availabilityModel=HA,Deploy a cluster of three NSX Manager nodes for the management domain.,Ensures continuous control-plane availability for network virtualisation and routing.,DEC-NET-001,BL-NSX-001,INHERIT_PARENT_SCOPE,MAPPED,Required after parent decision DEC-NET-001 activates this domain or solution.,VCF 9.1,https://techdocs.broadcom.com/us/en/vmware-cis/vcf/vcf-9-0-and-later/9-1/design/design-library/nsx-management-and-control-plane-detailed-design/high-availability-nsx-manager-model.html,exact-id
VCF-NSX-LM-REQD-CFG-003,NSX,VI Domain NSX Cluster,Required,ALWAYS,Deploy a separate cluster of three NSX Manager nodes for each VI workload domain.,Isolates the network control plane of tenant workloads from the management domain infrastructure.,DEC-NET-001,BL-NSX-001,INHERIT_PARENT_SCOPE,MAPPED,Required after parent decision DEC-NET-001 activates this domain or solution.,VCF 9.1,https://techdocs.broadcom.com/us/en/vmware-cis/vcf/vcf-9-0-and-later/9-1/design/design-library/nsx-management-and-control-plane-detailed-design.html,prefix:VCF-NSX-LM-
VCF-NSX-LM-REQD-CFG-004,NSX,NSX Manager Anti-Affinity,Required,ALWAYS,Apply a DRS anti-affinity rule to separate the NSX Manager nodes across different ESXi hosts.,Prevents a single physical host failure from disabling the entire NSX control plane.,DEC-NET-001; DEC-AVAIL-002,BL-NSX-001,INHERIT_PARENT_SCOPE,MAPPED,"Required after parent decision DEC-NET-001, DEC-AVAIL-002 activates this domain or solution.",VCF 9.1,https://techdocs.broadcom.com/us/en/vmware-cis/vcf/vcf-9-0-and-later/9-1/design/design-library/nsx-management-and-control-plane-detailed-design.html,prefix:VCF-NSX-LM-
VCF-NSX-LM-REQD-CFG-005,NSX,NSX Manager Sizing,Required,ALWAYS,Deploy NSX Manager appliances in the Medium or Large form factor.,Ensures adequate API and control plane performance for enterprise-scale software-defined networking.,DEC-NET-001; DEC-AVAIL-002,BL-NSX-001,INHERIT_PARENT_SCOPE,MAPPED,"Required after parent decision DEC-NET-001, DEC-AVAIL-002 activates this domain or solution.",VCF 9.1,https://techdocs.broadcom.com/us/en/vmware-cis/vcf/vcf-9-0-and-later/9-1/design/design-library/nsx-management-and-control-plane-detailed-design.html,prefix:VCF-NSX-LM-
VCF-NSX-EDGE-REQD-CFG-001,NSX,NSX Edge Cluster Size,Required,ALWAYS,Deploy an NSX Edge cluster with a minimum of two Edge nodes.,Provides Active/Standby or Active/Active high availability for North-South routing egress.,DEC-NET-001; DEC-NET-002; DEC-NET-004; DEC-NET-005,BL-NSX-001,INHERIT_PARENT_SCOPE,MAPPED,"Required after parent decision DEC-NET-001, DEC-NET-002, DEC-NET-004, DEC-NET-005 activates this domain or solution.",VCF 9.1,https://techdocs.broadcom.com/us/en/vmware-cis/vcf/vcf-9-0-and-later/9-1/design/design-library/design-library-nsx-edge-cluster.html,prefix:VCF-NSX-EDGE-
VCF-NSX-EDGE-REQD-CFG-002,NSX,NSX Edge Node Sizing,Required,ALWAYS,Size the NSX Edge appliances as Large or Extra Large for production workloads.,Guarantees sufficient vCPU and RAM to process high-throughput BGP routing and stateful firewall services.,DEC-NET-001; DEC-AVAIL-002; DEC-NET-002; DEC-NET-004; DEC-NET-005,BL-NSX-001,INHERIT_PARENT_SCOPE,MAPPED,"Required after parent decision DEC-NET-001, DEC-AVAIL-002, DEC-NET-002, DEC-NET-004, DEC-NET-005 activates this domain or solution.",VCF 9.1,https://techdocs.broadcom.com/us/en/vmware-cis/vcf/vcf-9-0-and-later/9-1/design/design-library/design-library-nsx-edge-cluster.html,prefix:VCF-NSX-EDGE-
VCF-NSX-EDGE-REQD-CFG-003,NSX,Tier-0 Gateway,Required,ALWAYS,Create a dedicated Tier-0 gateway for North-South routing.,Acts as the primary egress boundary between the NSX overlay networks and the physical data center fabric.,DEC-NET-001; DEC-NET-002; DEC-NET-004; DEC-NET-005,BL-NSX-001,INHERIT_PARENT_SCOPE,MAPPED,"Required after parent decision DEC-NET-001, DEC-NET-002, DEC-NET-004, DEC-NET-005 activates this domain or solution.",VCF 9.1,https://techdocs.broadcom.com/us/en/vmware-cis/vcf/vcf-9-0-and-later/9-1/design/design-library/design-library-nsx-edge-cluster.html,prefix:VCF-NSX-EDGE-
VCF-NSX-EDGE-REQD-CFG-004,NSX,BGP Route Learning,Required,networkTransitType=CTGW,Configure BGP on the Tier-0 gateway for dynamic route learning with physical top-of-rack switches.,Automates route propagation without the operational overhead of managing static routes.,DEC-NET-001; DEC-NET-002; DEC-NET-004; DEC-NET-005,BL-NSX-001,DECISION_LED,MAPPED,"Activated by networkTransitType=CTGW; governed by DEC-NET-001, DEC-NET-002, DEC-NET-004, DEC-NET-005.",VCF 9.1,https://techdocs.broadcom.com/us/en/vmware-cis/vcf/vcf-9-0-and-later/9-1/design/design-library/design-library-nsx-edge-cluster.html,prefix:VCF-NSX-EDGE-
VCF-NSX-EDGE-REQD-CFG-005,NSX,Edge Anti-Affinity,Required,ALWAYS,Create a DRS anti-affinity rule for the NSX Edge VMs in the cluster.,Ensures primary and standby edge routers are not impacted simultaneously by a single host failure.,DEC-NET-001; DEC-AVAIL-002; DEC-NET-002; DEC-NET-004; DEC-NET-005,BL-NSX-001,INHERIT_PARENT_SCOPE,MAPPED,"Required after parent decision DEC-NET-001, DEC-AVAIL-002, DEC-NET-002, DEC-NET-004, DEC-NET-005 activates this domain or solution.",VCF 9.1,https://techdocs.broadcom.com/us/en/vmware-cis/vcf/vcf-9-0-and-later/9-1/design/design-library/design-library-nsx-edge-cluster.html,prefix:VCF-NSX-EDGE-
VCF-NSX-EDGE-REQD-CFG-006,NSX,Edge TEP Network,Required,ALWAYS,Allocate a dedicated VLAN for NSX Edge TEP traffic.,Isolates Edge overlay traffic from ESXi host overlay traffic simplifying QoS and troubleshooting.,DEC-NET-001; DEC-NET-002; DEC-NET-004; DEC-NET-005,BL-NSX-001,INHERIT_PARENT_SCOPE,MAPPED,"Required after parent decision DEC-NET-001, DEC-NET-002, DEC-NET-004, DEC-NET-005 activates this domain or solution.",VCF 9.1,https://techdocs.broadcom.com/us/en/vmware-cis/vcf/vcf-9-0-and-later/9-1/design/design-library/design-library-nsx-edge-cluster.html,prefix:VCF-NSX-EDGE-
VCF-NSX-FED-REQD-CFG-001,NSX,NSX Federation,Required,hldMultiSiteType=FEDERATED,Deploy an NSX Global Manager cluster for multi-site federation.,Enables consistent security policies and stretched Layer 2 networks across multiple VCF instances.,DEC-NET-001; DEC-AVAIL-001; DEC-FLEET-002,BL-NSX-001,DECISION_LED,MAPPED,"Activated by hldMultiSiteType=FEDERATED; governed by DEC-NET-001, DEC-AVAIL-001, DEC-FLEET-002.",VCF 9.1,https://techdocs.broadcom.com/us/en/vmware-cis/vcf/vcf-9-0-and-later/9-1/design/design-library/nsx-management-and-control-plane-detailed-design/high-availability-nsx-global-manager-model.html,exact-id
VCF-NSX-FED-REQD-CFG-002,NSX,Global Manager Cluster,Required,hldMultiSiteType=FEDERATED,Deploy a cluster of 3 Global Manager nodes in the primary site and 3 in the secondary site.,Ensures resilient multi-region control plane availability for stretched topologies.,DEC-NET-001; DEC-AVAIL-001; DEC-FLEET-002,BL-NSX-001,DECISION_LED,MAPPED,"Activated by hldMultiSiteType=FEDERATED; governed by DEC-NET-001, DEC-AVAIL-001, DEC-FLEET-002.",VCF 9.1,https://techdocs.broadcom.com/us/en/vmware-cis/vcf/vcf-9-0-and-later/9-1/design/design-library/nsx-management-and-control-plane-detailed-design/high-availability-nsx-global-manager-model.html,prefix:VCF-NSX-FED-
VCF-NSX-FED-REQD-CFG-003,NSX,RTEP MTU Sizing,Required,hldMultiSiteType=FEDERATED,Configure an MTU of 9000 for Remote TEP (RTEP) interfaces between federated sites.,Minimizes fragmentation across the inter-site WAN for stretched GENEVE overlay networks.,DEC-NET-001; DEC-AVAIL-002; DEC-NET-003; DEC-NET-006; DEC-AVAIL-001; DEC-FLEET-002,BL-NSX-001,DECISION_LED,MAPPED,"Activated by hldMultiSiteType=FEDERATED; governed by DEC-NET-001, DEC-AVAIL-002, DEC-NET-003, DEC-NET-006, DEC-AVAIL-001, DEC-FLEET-002.",VCF 9.1,https://techdocs.broadcom.com/us/en/vmware-cis/vcf/vcf-9-0-and-later/9-1/design/design-library/nsx-management-and-control-plane-detailed-design/high-availability-nsx-global-manager-model.html,prefix:VCF-NSX-FED-
VCF-OPS-REQD-CFG-001,OPS,VCF Operations Placement,Required,ALWAYS,Deploy VCF Operations in the central management domain.,Provides unified capacity planning performance monitoring and memory tiering analytics for the entire VCF stack.,DEC-OPS-001,BL-OPS-001,INHERIT_PARENT_SCOPE,MAPPED,Required after parent decision DEC-OPS-001 activates this domain or solution.,VCF 9.1,https://techdocs.broadcom.com/us/en/vmware-cis/vcf/vcf-9-0-and-later/9-1/design/design-library/vcf-operations-design.html,prefix:VCF-OPS-
VCF-OPS-REQD-CFG-002,OPS,VCF Ops HA Cluster,Required,ALWAYS,Deploy the VCF Operations analytics cluster with a primary node and at least one replica node.,Ensures continuous availability of telemetry data and analytics processing during node failures.,DEC-OPS-001,BL-OPS-001,INHERIT_PARENT_SCOPE,MAPPED,Required after parent decision DEC-OPS-001 activates this domain or solution.,VCF 9.1,https://techdocs.broadcom.com/us/en/vmware-cis/vcf/vcf-9-0-and-later/9-1/design/design-library/vcf-operations-design.html,prefix:VCF-OPS-
VCF-OPS-REQD-CFG-003,OPS,VCF Operations for Logs,Required,derivedLogs=true,Deploy VCF Operations for Logs in the management domain.,Centralizes syslog ingestion for rapid troubleshooting and security auditing across all ESXi hosts.,DEC-OPS-001; DEC-OPS-002,BL-OPS-001,DECISION_LED,MAPPED,"Activated by derivedLogs=true; governed by DEC-OPS-001, DEC-OPS-002.",VCF 9.1,https://techdocs.broadcom.com/us/en/vmware-cis/vcf/vcf-9-0-and-later/9-1/design/design-library/vcf-operations-design/vcf-operations-for-logs-deployment-models.html,title-hint
VCF-OPS-REQD-CFG-004,OPS,Logs Load Balancer,Required,derivedLogs=true,Configure a load balancer (ILB) for the VCF Operations for Logs cluster.,Distributes incoming syslog traffic evenly across log nodes to prevent ingestion bottlenecks.,DEC-OPS-001; DEC-NET-004; DEC-OPS-002,BL-OPS-001,DECISION_LED,MAPPED,"Activated by derivedLogs=true; governed by DEC-OPS-001, DEC-NET-004, DEC-OPS-002.",VCF 9.1,https://techdocs.broadcom.com/us/en/vmware-cis/vcf/vcf-9-0-and-later/9-1/design/design-library/vcf-operations-design/vcf-operations-for-logs-deployment-models.html,title-hint
VCF-OPS-REQD-CFG-005,OPS,Operations Network,Required,ALWAYS,Place all Operations appliances on the VM management network.,Simplifies communication with vCenter SDDC Manager and ESXi management interfaces.,DEC-OPS-001,BL-OPS-001,INHERIT_PARENT_SCOPE,MAPPED,Required after parent decision DEC-OPS-001 activates this domain or solution.,VCF 9.1,https://techdocs.broadcom.com/us/en/vmware-cis/vcf/vcf-9-0-and-later/9-1/design/design-library/vcf-operations-design.html,prefix:VCF-OPS-
VCF-OPS-REQD-CFG-006,OPS,Network Insight,Required,derivedOpsNet=true,Deploy VCF Operations for Networks for traffic visibility and application discovery.,Provides deep packet inspection and micro-segmentation planning capabilities.,DEC-OPS-001; DEC-OPS-002,BL-OPS-001,DECISION_LED,MAPPED,"Activated by derivedOpsNet=true; governed by DEC-OPS-001, DEC-OPS-002.",VCF 9.1,https://techdocs.broadcom.com/us/en/vmware-cis/vcf/vcf-9-0-and-later/9-1/design/design-library/vcf-operations-design.html,prefix:VCF-OPS-
VCF-OPS-REQD-CFG-007,OPS,Log Forwarding,Required,derivedLogs=true,Configure VCF Operations for Logs to ingest syslogs from all ESXi hosts vCenter instances and NSX Managers.,Guarantees full visibility into platform-level events across all workload domains.,DEC-OPS-001; DEC-OPS-002,BL-OPS-001,DECISION_LED,MAPPED,"Activated by derivedLogs=true; governed by DEC-OPS-001, DEC-OPS-002.",VCF 9.1,https://techdocs.broadcom.com/us/en/vmware-cis/vcf/vcf-9-0-and-later/9-1/design/design-library/vcf-operations-design.html,prefix:VCF-OPS-
VCF-OPS-REQD-CFG-008,OPS,VCF Ops Sizing,Required,ALWAYS,Size the VCF Operations nodes to support the expected endpoint count (Large/Extra Large).,Prevents memory exhaustion and interface latency during complex data querying.,DEC-OPS-001; DEC-AVAIL-002,BL-OPS-001,INHERIT_PARENT_SCOPE,MAPPED,"Required after parent decision DEC-OPS-001, DEC-AVAIL-002 activates this domain or solution.",VCF 9.1,https://techdocs.broadcom.com/us/en/vmware-cis/vcf/vcf-9-0-and-later/9-1/design/design-library/vcf-operations-design.html,prefix:VCF-OPS-
VCF-OPS-REQD-CFG-009,OPS,Cloud Proxy Deployment,Required,ALWAYS,Deploy VCF Operations Cloud Proxies in isolated or remote workload domains.,Optimizes WAN bandwidth and prevents telemetry loss during intermittent network disconnects.,DEC-OPS-001; DEC-OPS-002,BL-OPS-001,INHERIT_PARENT_SCOPE,MAPPED,"Required after parent decision DEC-OPS-001, DEC-OPS-002 activates this domain or solution.",VCF 9.1,https://techdocs.broadcom.com/us/en/vmware-cis/vcf/vcf-9-0-and-later/9-1/design/design-library/vcf-operations-design.html,prefix:VCF-OPS-
VCF-OPS-REQD-CFG-010,OPS,Continuous Availability,Required,hldAvailabilityObjective=CONTINUOUS,Enable Continuous Availability (CA) spanning fault domains for VCF Operations if cross-site resilience is required.,Maintains monitoring capabilities even if an entire datacenter or site goes offline.,DEC-OPS-001; DEC-OPS-003; DEC-AVAIL-002,BL-OPS-001,DECISION_LED,MAPPED,"Activated by hldAvailabilityObjective=CONTINUOUS; governed by DEC-OPS-001, DEC-OPS-003, DEC-AVAIL-002.",VCF 9.1,https://techdocs.broadcom.com/us/en/vmware-cis/vcf/vcf-9-0-and-later/9-1/design/design-library/vcf-operations-design.html,prefix:VCF-OPS-
VCF-OPS-NET-REQD-CFG-001,OPS,VCF Ops for Networks Placement,Required,derivedOpsNet=true,Deploy VCF Operations for Networks (formerly vRNI) collector nodes in the target workload domains and the platform node in the management domain.,Distributes network telemetry collection while centralizing analytics.,DEC-OPS-001,BL-NET-001,DECISION_LED,MAPPED,Activated by derivedOpsNet=true; governed by DEC-OPS-001.,VCF 9.1,https://techdocs.broadcom.com/us/en/vmware-cis/vcf/vcf-9-0-and-later/9-1/design/design-library/vcf-operations-design/vcf-operations-for-networks-deployment-models.html,prefix:VCF-OPS-NET-
VCF-OPS-NET-REQD-CFG-002,OPS,VCF Ops for Networks Sizing,Required,derivedOpsNet=true,Size the VCF Operations for Networks nodes according to the projected flow count (Large or Extra Large).,Ensures the analytics engine does not drop packets or fail to process high-volume network flows.,DEC-OPS-001; DEC-AVAIL-002,BL-NET-001,DECISION_LED,MAPPED,"Activated by derivedOpsNet=true; governed by DEC-OPS-001, DEC-AVAIL-002.",VCF 9.1,https://techdocs.broadcom.com/us/en/vmware-cis/vcf/vcf-9-0-and-later/9-1/design/design-library/vcf-operations-design/vcf-operations-for-networks-deployment-models.html,prefix:VCF-OPS-NET-
VCF-OPS-LOGS-REQD-CFG-001,OPS,Dedicated Log Forwarding Architecture,Required,ALWAYS,"Implement intermediate log forwarding proxies for environments exceeding 10,000 events per second.",Prevents the primary Aria Logs cluster from being overwhelmed by massive telemetry spikes.,DEC-OPS-001; DEC-OPS-002,BL-OPS-001,INHERIT_PARENT_SCOPE,MAPPED,"Required after parent decision DEC-OPS-001, DEC-OPS-002 activates this domain or solution.",VCF 9.1,https://techdocs.broadcom.com/us/en/vmware-cis/vcf/vcf-9-0-and-later/9-1/design/design-library/vcf-operations-design/vcf-operations-for-logs-deployment-models.html,prefix:VCF-OPS-LOGS-
VCF-VDEFEND-REQD-CFG-001,SEC,vDefend Lateral Security,Required,hldSecurityServices!=BASELINE,Enable vDefend Distributed Firewall for east-west traffic inspection.,Ensures zero-trust security architecture down to the individual VM vNIC.,DEC-SEC-001; DEC-NET-004,BL-SEC-001,DECISION_LED,MAPPED,vDefend lateral security when advanced security services are enabled.,VCF 9.1,https://techdocs.broadcom.com/us/en/vmware-cis/vcf/vcf-9-0-and-later/9-1/design/design-blueprints-for/security-modernization/vdefend-lateral-security.html,prefix:VCF-VDEFEND-
VCF-RR-REQD-CFG-001,SEC,Isolated Recovery Environment,Required,hldProtectionModel=CYBER_VAULT,"Deploy a dedicated, air-gapped workload domain (IRE) for forensic analysis and ransomware recovery.",Prevents malware from jumping back into production during the validation and cleaning phases.,DEC-SEC-001; DEC-PROT-001; DEC-PROT-002,BL-SEC-001,DECISION_LED,MAPPED,"Activated by hldProtectionModel=CYBER_VAULT; governed by DEC-SEC-001, DEC-PROT-001, DEC-PROT-002.",VCF 9.1,https://techdocs.broadcom.com/us/en/vmware-cis/vcf/vcf-9-0-and-later/9-1/design/design-blueprints-for/security-modernization/vcf-ransomware-recovery.html,prefix:VCF-RR-
VCF-RR-REQD-CFG-002,SEC,Immutable Snapshots,Required,hldProtectionModel=CYBER_VAULT,"Configure vSAN storage policies with scheduled immutable, locked snapshots.",Ensures a clean baseline of data that cannot be encrypted or deleted by compromised admin accounts.,DEC-SEC-001; DEC-PROT-001; DEC-PROT-002,BL-SEC-001,DECISION_LED,MAPPED,"Activated by hldProtectionModel=CYBER_VAULT; governed by DEC-SEC-001, DEC-PROT-001, DEC-PROT-002.",VCF 9.1,https://techdocs.broadcom.com/us/en/vmware-cis/vcf/vcf-9-0-and-later/9-1/design/design-blueprints-for/security-modernization/vcf-ransomware-recovery.html,prefix:VCF-RR-
VCF-RR-REQD-CFG-003,SEC,Recovery Overlay Isolation,Required,hldProtectionModel=CYBER_VAULT,Provision isolated NSX overlay networks in the IRE that do not route to the production WAN.,Allows VMs to be powered on for forensic inspection without IP conflicts or lateral infection.,DEC-SEC-001; DEC-PROT-001; DEC-PROT-002,BL-SEC-001,DECISION_LED,MAPPED,"Activated by hldProtectionModel=CYBER_VAULT; governed by DEC-SEC-001, DEC-PROT-001, DEC-PROT-002.",VCF 9.1,https://techdocs.broadcom.com/us/en/vmware-cis/vcf/vcf-9-0-and-later/9-1/design/design-blueprints-for/security-modernization/vcf-ransomware-recovery.html,prefix:VCF-RR-
VCF-SEC-REQD-CFG-001,SEC,Distributed IDS/IPS,Required,"hldSecurityServices IN [IDS_IPS,FULL]",Enable signature-based Intrusion Detection/Prevention on the workload domain cluster.,Inspects east-west traffic for known vulnerabilities and exploits at the vNIC level.,DEC-SEC-001; DEC-NET-004,BL-SEC-001,DECISION_LED,MAPPED,Distributed IDS/IPS when security services are IDS_IPS or FULL.,VCF 9.1,https://techdocs.broadcom.com/us/en/vmware-cis/vcf/vcf-9-0-and-later/9-1/design/design-library/vcf-information-security-and-access-design-for-esxi.html,prefix:VCF-SEC-
VCF-SEC-REQD-CFG-002,SEC,Micro-segmentation,Required,"hldSecurityServices IN [MICROSEGMENTATION,FULL]",Enforce default-deny distributed firewall rules for all tenant application tiers.,Limits the blast radius of a compromised VM by restricting lateral movement.,DEC-SEC-001; DEC-NET-004,BL-SEC-001,DECISION_LED,MAPPED,Micro-segmentation when security services are MICROSEGMENTATION or FULL.,VCF 9.1,https://techdocs.broadcom.com/us/en/vmware-cis/vcf/vcf-9-0-and-later/9-1/design/design-library/vcf-information-security-and-access-design-for-esxi.html,prefix:VCF-SEC-
VCF-SEC-REQD-CFG-003,SEC,Malware Prevention,Required,hldSecurityServices=FULL,Deploy NSX Distributed Malware Prevention appliances per ESXi host in the target cluster.,Provides guest-introspection and real-time file scanning without traditional in-guest antivirus agents.,DEC-SEC-001; DEC-NET-004,BL-SEC-001,DECISION_LED,MAPPED,Malware Prevention included in FULL security services package.,VCF 9.1,https://techdocs.broadcom.com/us/en/vmware-cis/vcf/vcf-9-0-and-later/9-1/design/design-library/vcf-information-security-and-access-design-for-esxi.html,prefix:VCF-SEC-
VCF-SEC-REQD-CFG-004,SEC,Platform Security Baseline,Required,hldSecurityServices=BASELINE,"Apply the platform-native NSX/vSphere security baseline without distributed IDS/IPS, micro-segmentation, or malware-prevention overlays.",Captures the BASELINE advanced-security choice so the Architect dropdown always resolves to at least one Design ID.,DEC-SEC-001,BL-SEC-001,DECISION_LED,MAPPED,Activated when advanced security services remain Platform baseline.,VCF 9.1,https://techdocs.broadcom.com/us/en/vmware-cis/vcf/vcf-9-0-and-later/9-1/design/design-library/vcf-information-security-and-access-design-for-esxi.html,prefix:VCF-SEC-
VCF-VKS-REQD-CFG-001,VKS,vSphere Supervisor Enablement,Required,ALWAYS,Enable Workload Management (vSphere Supervisor) on the VI workload domain cluster.,Transforms the ESXi cluster into a native Kubernetes control plane for modern applications.,DEC-VKS-001; DEC-VKS-002; DEC-VKS-003,BL-SOL-001,INHERIT_PARENT_SCOPE,MAPPED,"Required after parent decision DEC-VKS-001, DEC-VKS-002, DEC-VKS-003 activates this domain or solution.",VCF 9.1,https://techdocs.broadcom.com/us/en/vmware-cis/vcf/vcf-9-0-and-later/9-1/design/design-library/self-service-iaas-deployment-models/vsphere-supervisor-control-plane-models.html,prefix:VCF-VKS-
VCF-VKS-REQD-CFG-002,VKS,Supervisor Load Balancer,Required,ALWAYS,Deploy NSX Advanced Load Balancer (Avi) for Supervisor control plane HA.,Provides enterprise-grade ingress routing and L4/L7 load balancing for Kubernetes workloads.,DEC-VKS-001; DEC-NET-004; DEC-VKS-002; DEC-VKS-003,BL-SOL-001,INHERIT_PARENT_SCOPE,MAPPED,"Required after parent decision DEC-VKS-001, DEC-NET-004, DEC-VKS-002, DEC-VKS-003 activates this domain or solution.",VCF 9.1,https://techdocs.broadcom.com/us/en/vmware-cis/vcf/vcf-9-0-and-later/9-1/design/design-library/self-service-iaas-deployment-models/vsphere-supervisor-control-plane-models.html,prefix:VCF-VKS-
VCF-VKS-REQD-CFG-003,VKS,Control Plane IP Pool,Required,ALWAYS,Configure a dedicated IP pool for the Supervisor control plane nodes.,Ensures IP addresses are statically reserved and highly available for the K8s API server endpoints.,DEC-VKS-001; DEC-VKS-002; DEC-VKS-003,BL-SOL-001,INHERIT_PARENT_SCOPE,MAPPED,"Required after parent decision DEC-VKS-001, DEC-VKS-002, DEC-VKS-003 activates this domain or solution.",VCF 9.1,https://techdocs.broadcom.com/us/en/vmware-cis/vcf/vcf-9-0-and-later/9-1/design/design-library/self-service-iaas-deployment-models/vsphere-supervisor-control-plane-models.html,prefix:VCF-VKS-
VCF-VKS-REQD-CFG-004,VKS,Workload Ingress IP Pool,Required,ALWAYS,Configure a dedicated IP pool for Kubernetes workload services and ingress.,Allocates routable IP space for developer-deployed LoadBalancer services.,DEC-VKS-001; DEC-VKS-002; DEC-VKS-003,BL-SOL-001,INHERIT_PARENT_SCOPE,MAPPED,"Required after parent decision DEC-VKS-001, DEC-VKS-002, DEC-VKS-003 activates this domain or solution.",VCF 9.1,https://techdocs.broadcom.com/us/en/vmware-cis/vcf/vcf-9-0-and-later/9-1/design/design-library/self-service-iaas-deployment-models/vsphere-supervisor-control-plane-models.html,prefix:VCF-VKS-
VCF-VKS-REQD-CFG-005,VKS,Supervisor Storage Policy,Required,ALWAYS,Assign a vSAN storage policy specifically for Supervisor control plane VMs and ephemeral disks.,Ensures Kubernetes control plane nodes receive strict RAID-1 mirroring for maximum resilience.,DEC-VKS-001; DEC-VKS-002; DEC-VKS-003; DEC-STG-001; DEC-PROT-002,BL-SOL-001,INHERIT_PARENT_SCOPE,MAPPED,Required after VKS parent decisions activate this domain.,VCF 9.1,https://techdocs.broadcom.com/us/en/vmware-cis/vcf/vcf-9-0-and-later/9-1/design/design-library/self-service-iaas-deployment-models/vsphere-supervisor-control-plane-models.html,prefix:VCF-VKS-
VCF-VKS-REQD-CFG-006,VKS,Tanzu Kubernetes Grid,Required,ALWAYS,Deploy Tanzu Kubernetes Grid (TKG) guest clusters via the Supervisor API.,Enables multi-tenant conformant Kubernetes clusters isolated from the underlying vSphere control plane.,DEC-VKS-001; DEC-VKS-002; DEC-VKS-003,BL-SOL-001,INHERIT_PARENT_SCOPE,MAPPED,"Required after parent decision DEC-VKS-001, DEC-VKS-002, DEC-VKS-003 activates this domain or solution.",VCF 9.1,https://techdocs.broadcom.com/us/en/vmware-cis/vcf/vcf-9-0-and-later/9-1/design/design-library/self-service-iaas-deployment-models/vsphere-supervisor-control-plane-models.html,prefix:VCF-VKS-
VCF-VKS-REQD-CFG-007,VKS,Namespace Quotas,Required,ALWAYS,Apply CPU Memory and Storage quotas to vSphere Namespaces.,Prevents individual Kubernetes tenants from exhausting the resources of the underlying vSphere cluster.,DEC-VKS-001; DEC-VKS-002; DEC-VKS-003,BL-SOL-001,INHERIT_PARENT_SCOPE,MAPPED,"Required after parent decision DEC-VKS-001, DEC-VKS-002, DEC-VKS-003 activates this domain or solution.",VCF 9.1,https://techdocs.broadcom.com/us/en/vmware-cis/vcf/vcf-9-0-and-later/9-1/design/design-library/self-service-iaas-deployment-models/vsphere-supervisor-control-plane-models.html,prefix:VCF-VKS-
VCF-VKS-REQD-CFG-008,VKS,Content Library Sync,Required,ALWAYS,Create a subscribed content library to host TKG node operating system images.,Ensures the Supervisor can dynamically pull updated photon or Ubuntu images during cluster provisioning.,DEC-VKS-001; DEC-VKS-002; DEC-VKS-003,BL-SOL-001,INHERIT_PARENT_SCOPE,MAPPED,"Required after parent decision DEC-VKS-001, DEC-VKS-002, DEC-VKS-003 activates this domain or solution.",VCF 9.1,https://techdocs.broadcom.com/us/en/vmware-cis/vcf/vcf-9-0-and-later/9-1/design/design-library/self-service-iaas-deployment-models/vsphere-supervisor-control-plane-models.html,prefix:VCF-VKS-
VCF-VKS-REQD-CFG-009,VKS,VKS Network Overlay,Required,ALWAYS,Use NSX for the VKS networking overlay.,Provides deep integration for distributed firewalling and automated ingress directly to K8s pods.,DEC-VKS-001; DEC-VKS-002; DEC-VKS-003,BL-SOL-001,INHERIT_PARENT_SCOPE,MAPPED,"Required after parent decision DEC-VKS-001, DEC-VKS-002, DEC-VKS-003 activates this domain or solution.",VCF 9.1,https://techdocs.broadcom.com/us/en/vmware-cis/vcf/vcf-9-0-and-later/9-1/design/design-library/self-service-iaas-deployment-models/vsphere-supervisor-control-plane-models.html,prefix:VCF-VKS-
VCF-VKS-REQD-CFG-010,VKS,Supervisor Zonal Deployment,Required,hldVksTopology=ZONAL,Deploy the vSphere Supervisor across three vSphere Zones for maximum HA.,Allows the Kubernetes control plane to survive an entire rack or site failure without service disruption.,DEC-VKS-001; DEC-VKS-002; DEC-VKS-003,BL-SOL-001,DECISION_LED,MAPPED,"Activated by hldVksTopology=ZONAL; governed by DEC-VKS-001, DEC-VKS-002, DEC-VKS-003.",VCF 9.1,https://techdocs.broadcom.com/us/en/vmware-cis/vcf/vcf-9-0-and-later/9-1/design/design-library/self-service-iaas-deployment-models/vsphere-supervisor-control-plane-models.html,prefix:VCF-VKS-
VCF-STG-REQD-CFG-001,CORE,External Storage Integration,Required,hldStorageTopology=EXTERNAL,"Design external array connectivity, multipathing, and datastore presentation for all workload domains that consume array-backed primary storage (not hyperconverged).",EXTERNAL topology removes hyperconverged storage Design IDs; this captures the alternate primary-storage contract.,DEC-STG-001,BL-STG-001,DECISION_LED,MAPPED,Activated when primary storage topology is EXTERNAL.,VCF 9.1,https://techdocs.broadcom.com/us/en/vmware-cis/vcf/vcf-9-0-and-later/9-1/design/design-library/storage-models-9-x.html,prefix:VCF-STG-
VCF-VSAN-REQD-CFG-001,VSAN,Raw Storage Capacity,Required,"hldStorageTopology IN [HCI,DISAGGREGATED]",Provide sufficient raw capacity to meet the initial needs of the workload domain cluster.,Ensures that sufficient resources are present to create the workload domain cluster and host management VMs.,DEC-STG-001; DEC-AVAIL-002; DEC-STG-002; DEC-PROT-002,BL-STG-001,DECISION_LED,MAPPED,Applies when storage topology is HCI or Disaggregated vSAN (not EXTERNAL).,VCF 9.1,https://techdocs.broadcom.com/us/en/vmware-cis/vcf/vcf-9-0-and-later/9-1/design/design-library/storage-models-9-x.html,prefix:VCF-VSAN-
VCF-VSAN-REQD-CFG-002,VSAN,Host Node Minimums,Required,"hldStorageTopology IN [HCI,DISAGGREGATED]",Provide at least the required minimum number of hosts according to the cluster type.,Satisfies the minimum requirements for vSAN storage availability and fault tolerance.,DEC-STG-001; DEC-STG-002,BL-STG-001,DECISION_LED,MAPPED,Applies when storage topology is HCI or Disaggregated vSAN (not EXTERNAL).,VCF 9.1,https://techdocs.broadcom.com/us/en/vmware-cis/vcf/vcf-9-0-and-later/9-1/design/design-library/storage-models-9-x.html,prefix:VCF-VSAN-
VCF-VSAN-REQD-CFG-003,VSAN,vSAN ESA Architecture,Required,hldStorageProto=VSAN_ESA,Use vSAN Express Storage Architecture (ESA) for high-performance clusters equipped with NVMe drives.,Delivers maximum NVMe throughput required for memory tiering and high-I/O payloads.,DEC-STG-001; DEC-STG-002,BL-STG-001,DECISION_LED,MAPPED,"Activated by hldStorageProto=VSAN_ESA; governed by DEC-STG-001, DEC-STG-002.",VCF 9.1,https://techdocs.broadcom.com/us/en/vmware-cis/vcf/vcf-9-0-and-later/9-1/design/design-library/storage-models-9-x.html,prefix:VCF-VSAN-
VCF-VSAN-REQD-CFG-004,VSAN,Default Storage Policy,Required,"hldStorageTopology IN [HCI,DISAGGREGATED]",Assign the default vSAN storage policy with RAID-1 or RAID-5/6 failure tolerance.,Ensures data resilience for management components in the event of a single disk or host failure.,DEC-STG-001; DEC-STG-002; DEC-PROT-002,BL-STG-001,DECISION_LED,MAPPED,Applies when storage topology is HCI or Disaggregated vSAN (not EXTERNAL).,VCF 9.1,https://techdocs.broadcom.com/us/en/vmware-cis/vcf/vcf-9-0-and-later/9-1/design/design-library/storage-models-9-x.html,prefix:VCF-VSAN-
VCF-VSAN-REQD-CFG-005,VSAN,Data-at-Rest Encryption,Required,"hldEncryptionScope IN [AT_REST,BOTH]",Enable vSAN Data-at-Rest Encryption for clusters hosting sensitive or compliance-bound data.,Provides cryptographic protection against physical drive theft or unauthorized hardware retirement.,DEC-STG-001; DEC-STG-002; DEC-STG-005,BL-STG-001,DECISION_LED,MAPPED,Data-at-rest encryption when encryption scope includes AT_REST or BOTH.,VCF 9.1,https://techdocs.broadcom.com/us/en/vmware-cis/vcf/vcf-9-0-and-later/9-1/design/design-library/storage-models-9-x.html,prefix:VCF-VSAN-
VCF-VSAN-REQD-CFG-015,VSAN,Data-in-Transit Encryption,Required,"hldEncryptionScope IN [IN_TRANSIT,BOTH]",Enable encryption for vSAN data-in-transit (and any required cluster network encryption settings) consistent with the chosen encryption scope.,In-transit encryption protects replication and cluster traffic independently from at-rest datastore encryption.,DEC-STG-001; DEC-STG-002; DEC-STG-005,BL-STG-001,DECISION_LED,MAPPED,Activated when encryption scope is IN_TRANSIT or BOTH.,VCF 9.1,https://techdocs.broadcom.com/us/en/vmware-cis/vcf/vcf-9-0-and-later/9-1/design/design-library/storage-models-9-x.html,prefix:VCF-VSAN-
VCF-VSAN-REQD-CFG-006,VSAN,Stretched Cluster Policy,Required,hldSiteTopology=STRETCHED,Add the following setting to the default vSAN storage policy: Site disaster tolerance = Site mirroring.,Provides the necessary protection for VMs in each availability zone with the ability to recover from a site outage.,DEC-STG-001; DEC-STG-002; DEC-AVAIL-001; DEC-PROT-002,BL-STG-001,DECISION_LED,MAPPED,"Activated by hldSiteTopology=STRETCHED; governed by DEC-STG-001, DEC-STG-002, DEC-AVAIL-001, DEC-PROT-002.",VCF 9.1,https://techdocs.broadcom.com/us/en/vmware-cis/vcf/vcf-9-0-and-later/9-1/design/design-library/storage-models-9-x.html,prefix:VCF-VSAN-
VCF-VSAN-REQD-CFG-007,VSAN,Stretched Fault Domains,Required,hldSiteTopology=STRETCHED,Configure two fault domains for vSAN stretched clusters (one for each availability zone).,Instructs the vSAN object manager to mirror data components physically across the inter-site WAN link.,DEC-STG-001; DEC-STG-002; DEC-AVAIL-001; DEC-PROT-002,BL-STG-001,DECISION_LED,MAPPED,"Activated by hldSiteTopology=STRETCHED; governed by DEC-STG-001, DEC-STG-002, DEC-AVAIL-001, DEC-PROT-002.",VCF 9.1,https://techdocs.broadcom.com/us/en/vmware-cis/vcf/vcf-9-0-and-later/9-1/design/design-library/storage-models-9-x.html,prefix:VCF-VSAN-
VCF-VSAN-REQD-CFG-008,VSAN,vSAN Witness Appliance,Required,hldSiteTopology=STRETCHED,Deploy the vSAN Witness Appliance in a third separate physical site.,Prevents split-brain scenarios during a complete failure of either primary availability zone.,DEC-STG-001; DEC-STG-002; DEC-AVAIL-001; DEC-PROT-002,BL-STG-001,DECISION_LED,MAPPED,"Activated by hldSiteTopology=STRETCHED; governed by DEC-STG-001, DEC-STG-002, DEC-AVAIL-001, DEC-PROT-002.",VCF 9.1,https://techdocs.broadcom.com/us/en/vmware-cis/vcf/vcf-9-0-and-later/9-1/design/design-library/storage-models-9-x.html,prefix:VCF-VSAN-
VCF-VSAN-REQD-CFG-009,VSAN,Slack Space Reservation,Required,"hldStorageTopology IN [HCI,DISAGGREGATED]",Maintain at least 20% slack space across all vSAN datastores.,Provides sufficient overhead for snapshot processing policy reconfiguration and drive evacuations.,DEC-STG-001; DEC-STG-002; DEC-PROT-002,BL-STG-001,DECISION_LED,MAPPED,Applies when storage topology is HCI or Disaggregated vSAN (not EXTERNAL).,VCF 9.1,https://techdocs.broadcom.com/us/en/vmware-cis/vcf/vcf-9-0-and-later/9-1/design/design-library/storage-models-9-x.html,prefix:VCF-VSAN-
VCF-VSAN-REQD-CFG-010,VSAN,Network Redundancy,Required,"hldStorageTopology IN [HCI,DISAGGREGATED]",Provision two distinct physical uplinks for vSAN traffic on the Distributed Switch.,Ensures storage connectivity remains uninterrupted during top-of-rack switch maintenance.,DEC-STG-001; DEC-STG-002; DEC-NET-006,BL-STG-001,DECISION_LED,MAPPED,Applies when storage topology is HCI or Disaggregated vSAN (not EXTERNAL).,VCF 9.1,https://techdocs.broadcom.com/us/en/vmware-cis/vcf/vcf-9-0-and-later/9-1/design/design-library/storage-models-9-x.html,prefix:VCF-VSAN-
VCF-VSAN-REQD-CFG-011,VSAN,Minimum vSAN Nodes,Required,"hldStorageTopology IN [HCI,DISAGGREGATED]","A minimum valid vSAN HCI cluster is three nodes, all contributing to storage.",Satisfies quorum and minimum storage availability limits.,DEC-STG-001; DEC-STG-002,BL-STG-001,DECISION_LED,MAPPED,Applies when storage topology is HCI or Disaggregated vSAN (not EXTERNAL).,VCF 9.1,https://techdocs.broadcom.com/us/en/vmware-cis/vcf/vcf-9-0-and-later/9-1/design/design-library/storage-models-9-x.html,prefix:VCF-VSAN-
VCF-VSAN-REQD-CFG-012,VSAN,Raw Capacity Initial Needs,Required,"hldStorageTopology IN [HCI,DISAGGREGATED]",Provide sufficient raw capacity to meet the initial needs of the workload domain vSphere cluster.,Ensures enough space to bootstrap the workloads without immediate expansion.,DEC-STG-001; DEC-AVAIL-002; DEC-STG-002; DEC-PROT-002,BL-STG-001,DECISION_LED,MAPPED,Applies when storage topology is HCI or Disaggregated vSAN (not EXTERNAL).,VCF 9.1,https://techdocs.broadcom.com/us/en/vmware-cis/vcf/vcf-9-0-and-later/9-1/design/design-library/storage-models-9-x.html,prefix:VCF-VSAN-
VCF-VSAN-REQD-CFG-013,VSAN,vLCM Image Management,Required,"hldStorageTopology IN [HCI,DISAGGREGATED]; hldLifecycleStrategy IN [ROLLING,LIVE_PATCH]",Use vSphere Lifecycle Management (vLCM) image-based management for vSAN clusters.,Ensures consistent lifecycle tracking of firmware and drivers.,DEC-STG-001; DEC-LCM-001; DEC-STG-002,BL-STG-001,DECISION_LED,MAPPED,vLCM image management for rolling/live-patch strategies on HCI/disaggregated storage.,VCF 9.1,https://techdocs.broadcom.com/us/en/vmware-cis/vcf/vcf-9-0-and-later/9-1/design/design-library/storage-models-9-x.html,prefix:VCF-VSAN-
VCF-VSAN-REQD-CFG-014,VSAN,Hardware Compatibility List,Required,"hldStorageTopology IN [HCI,DISAGGREGATED]",Validate that hardware components used for vSAN deployments are on the vSAN HCL.,Prevents performance issues and ensures supportability by Broadcom.,DEC-STG-001; DEC-STG-002; DEC-LCM-001,BL-STG-001,DECISION_LED,MAPPED,Applies when storage topology is HCI or Disaggregated vSAN (not EXTERNAL).,VCF 9.1,https://techdocs.broadcom.com/us/en/vmware-cis/vcf/vcf-9-0-and-later/9-1/design/design-library/storage-models-9-x.html,prefix:VCF-VSAN-
VCF-LIC-REQD-CFG-001,LIC,VCF Licensing Model,Required,ALWAYS,"Select and document the VCF licensing edition/subscription model (e.g., VCF Standard/Advanced/Enterprise, or per-core subscription) covering the management domain and all workload domains.","Licensing edition determines which features are available (e.g., NSX Advanced Load Balancer, VKS, Live Recovery); design assumptions can't be finalized until this is confirmed.",DEC-COST-001,BL-GOV-001,INHERIT_PARENT_SCOPE,MAPPED,Required after parent decision DEC-COST-001 activates this domain or solution.,VCF 9.1,https://techdocs.broadcom.com/us/en/vmware-cis/vcf/vcf-9-0-and-later/9-1/design/design-library/license-server-detailed-design.html,prefix:VCF-LIC-
VCF-LIC-RCMD-CFG-002,LIC,License Compliance Tracking,Recommended,ALWAYS,Establish a process or tool for tracking license consumption against entitlement across the VCF fleet.,Prevents entitlement overage and supports renewal/true-up planning.,DEC-COST-001,BL-GOV-001,BASELINE,MAPPED,Inherited BL-GOV-001 control; retained without presenting it as a questionnaire branch.,VCF 9.1,https://techdocs.broadcom.com/us/en/vmware-cis/vcf/vcf-9-0-and-later/9-1/design/design-library/license-server-detailed-design.html,prefix:VCF-LIC-
VCF-FLEET-REQD-CFG-001,FLEET,VCF Fleet Boundary Definition,Required,ALWAYS,"Document the criteria used to determine single vs. multiple VCF Fleets: physical location/latency, environment or compliance separation, scale limits, business organization, and availability requirements.",VCF Fleets are fully independent from a management and operational perspective with no shared components; getting the boundary wrong is costly to unwind later.,DEC-FLEET-001; DEC-FLEET-002,BL-ARCH-001,INHERIT_PARENT_SCOPE,MAPPED,"Required after parent decision DEC-FLEET-001, DEC-FLEET-002 activates this domain or solution.",VCF 9.1,https://techdocs.broadcom.com/us/en/vmware-cis/vcf/vcf-9-0-and-later/9-1/design/vmware-cloud-foundation-concepts/vcf-fleet-sizing-models-9-x.html,prefix:VCF-FLEET-
VCF-FLEET-REQD-CFG-002,FLEET,Fleet Management Placement,Required,ALWAYS,"Document placement of Fleet Management components, co-located with the initial management domain per current VCF architecture.","VCF Operations, VCF Automation, and Fleet Management reside in the initial cluster and must be within suitable latency and bandwidth to all managed resources.",DEC-FLEET-001; DEC-FLEET-002,BL-ARCH-001,INHERIT_PARENT_SCOPE,MAPPED,"Required after parent decision DEC-FLEET-001, DEC-FLEET-002 activates this domain or solution.",VCF 9.1,https://techdocs.broadcom.com/us/en/vmware-cis/vcf/vcf-9-0-and-later/9-1/design/vmware-cloud-foundation-concepts/vcf-fleet-sizing-models-9-x.html,prefix:VCF-FLEET-
VCF-FLEET-RCMD-CFG-003,FLEET,Multi-Instance Consumption Layer,Recommended,ALWAYS,"If multiple VCF Instances are deployed, document whether a single consumption layer (VCF Operations/Automation) spans all instances.",Determines the operational model and support boundary for multi-instance environments.,DEC-FLEET-001; DEC-FLEET-002,BL-ARCH-001,INHERIT_PARENT_SCOPE,MAPPED,"Required after parent decision DEC-FLEET-001, DEC-FLEET-002 activates this domain or solution.",VCF 9.1,https://techdocs.broadcom.com/us/en/vmware-cis/vcf/vcf-9-0-and-later/9-1/design/vmware-cloud-foundation-concepts/vcf-fleet-sizing-models-9-x.html,prefix:VCF-FLEET-
VCF-COST-RCMD-CFG-001,COST,Capacity Planning Cadence,Recommended,ALWAYS,"Establish a recurring capacity review cadence (e.g., quarterly) using VCF Operations capacity/cost dashboards.",Prevents unplanned resource exhaustion and supports proactive host/cluster expansion planning.,DEC-COST-001; DEC-AVAIL-002,BL-GOV-001,BASELINE,MAPPED,Inherited BL-GOV-001 control; retained without presenting it as a questionnaire branch.,VCF 9.1,https://techdocs.broadcom.com/us/en/vmware-cis/vcf/vcf-9-0-and-later/9-1/design/design-library/vcf-operations-design.html,prefix:VCF-COST-
VCF-COST-RCMD-CFG-002,COST,Cost Visibility / Chargeback,Recommended,ALWAYS,Determine whether cost/chargeback reporting is required per business unit or workload domain.,Supports financial accountability and showback/chargeback models where the organization requires them.,DEC-COST-001,BL-GOV-001,INHERIT_PARENT_SCOPE,MAPPED,Required after parent decision DEC-COST-001 activates this domain or solution.,VCF 9.1,https://techdocs.broadcom.com/us/en/vmware-cis/vcf/vcf-9-0-and-later/9-1/design/design-library/vcf-operations-design.html,prefix:VCF-COST-
VCF-NET-REQD-CFG-009,NET,DNS Design,Required,ALWAYS,"Document DNS architecture (internal/external resolution, forward/reverse zones) for all VCF management and workload domain components.","All VCF components require reliable, consistent DNS resolution; a documented design prevents ad hoc, inconsistent configuration across domains.",DEC-NET-001; DEC-NET-003,BL-NET-001,BASELINE,MAPPED,Inherited BL-NET-001 control; retained without presenting it as a questionnaire branch.,VCF 9.1,https://techdocs.broadcom.com/us/en/vmware-cis/vcf/vcf-9-0-and-later/9-1/design/design-library/external-services-design.html,title-hint
VCF-NET-REQD-CFG-010,NET,NTP / Time Source Design,Required,ALWAYS,Document the authoritative time source(s) and NTP distribution used by all VCF management and workload domain components.,"Certificate validation, SSO, logging correlation, and vSAN health all depend on synchronized time; inconsistent time sources are a common source of hard-to-diagnose failures.",DEC-NET-001; DEC-NET-003,BL-NET-001,BASELINE,MAPPED,Inherited BL-NET-001 control; retained without presenting it as a questionnaire branch.,VCF 9.1,https://techdocs.broadcom.com/us/en/vmware-cis/vcf/vcf-9-0-and-later/9-1/design/design-library/external-services-design.html,title-hint
VCF-MS-REQD-COM-001,FLEET,MS IP Range,Required,ALWAYS,Allocate a sufficient IP range for the required number of control plane and worker nodes for your chosen MS deployment type.,Required for initial deployment; day-N services may auto-scale workers.,DEC-AVAIL-002; DEC-FLEET-001,BL-MGMT-001,BASELINE,NEW_TECHDOCS,Imported from Broadcom MS detailed design common requirements.,VCF 9.1,https://techdocs.broadcom.com/us/en/vmware-cis/vcf/vcf-9-0-and-later/9-1/design/design-library/vcf-management-services-availabilty-detailed-design/vcf-management-services-simple-deployment-model.html,preexisting-techdocs
VCF-MS-REQD-COM-002,FLEET,MS CAPV Anti-Affinity,Required,ALWAYS,Use Kubernetes Cluster API Provider vSphere (CAPV) node anti-affinity so MS nodes run on different ESX hosts.,Prevents MS nodes co-locating on one host and risking cluster HA.,DEC-AVAIL-002,BL-MGMT-001,BASELINE,NEW_TECHDOCS,TechDocs MS common requirement.,VCF 9.1,https://techdocs.broadcom.com/us/en/vmware-cis/vcf/vcf-9-0-and-later/9-1/design/design-library/vcf-management-services-availabilty-detailed-design/vcf-management-services-simple-deployment-model.html,preexisting-techdocs
VCF-MS-REQD-COM-003,FLEET,MS vSphere HA Protection,Required,ALWAYS,Protect VCF management services nodes by using vSphere HA.,Restarts MS nodes on host failure without manual intervention.,DEC-AVAIL-002,BL-MGMT-001,BASELINE,NEW_TECHDOCS,TechDocs MS common requirement.,VCF 9.1,https://techdocs.broadcom.com/us/en/vmware-cis/vcf/vcf-9-0-and-later/9-1/design/design-library/vcf-management-services-availabilty-detailed-design/vcf-management-services-simple-deployment-model.html,preexisting-techdocs
VCF-MS-REQD-SIM-001,FLEET,Simple MS Topology,Required,availabilityModel=SIMPLE,Deploy VCF management services with a single control plane node and three worker nodes in the default management vSphere cluster.,Supports simple/PoC footprint; scale-out to HA model is supported.,DEC-AVAIL-002; DEC-FLEET-001,BL-MGMT-001,DECISION_LED,NEW_TECHDOCS,TechDocs VCF-MS-REQD-SIM-001 ‚Äî missing from Funnel; gates Simple sizing rows.,VCF 9.1,https://techdocs.broadcom.com/us/en/vmware-cis/vcf/vcf-9-0-and-later/9-1/design/design-library/vcf-management-services-availabilty-detailed-design/vcf-management-services-simple-deployment-model.html,preexisting-techdocs
VCF-MS-REQD-HA-001,FLEET,HA MS Topology,Required,availabilityModel=HA,Deploy VCF management services in high availability mode with three (3) control plane nodes and the corresponding number of worker nodes in the default management vSphere cluster.,Supports HA objective; requires additional resources.,DEC-AVAIL-002; DEC-FLEET-001,BL-MGMT-001,DECISION_LED,NEW_TECHDOCS,TechDocs VCF-MS-REQD-HA-001 ‚Äî missing from Funnel; gates HA sizing rows.,VCF 9.1,https://techdocs.broadcom.com/us/en/vmware-cis/vcf/vcf-9-0-and-later/9-1/design/design-library/vcf-management-services-availabilty-detailed-design/vcf-management-services-high-availability-deployment-model.html,preexisting-techdocs
VCF-AUTO-REQD-SIM-001,AUTO,Simple Automation Topology,Required,availabilityModel=SIMPLE,Deploy VCF Automation as a single node in the default management domain vSphere cluster.,Supports simple deployment; can scale out to HA.,DEC-AUTO-001; DEC-AVAIL-002,BL-SOL-001,DECISION_LED,NEW_TECHDOCS,Complements CFG-002 which currently ALWAYS forces 3-node HA.,VCF 9.1,https://techdocs.broadcom.com/us/en/vmware-cis/vcf/vcf-9-0-and-later/9-1/design/design-library/vcf-automation-deployment-models-9-x/vcf-automation-simple-deployment-model.html,preexisting-techdocs
VCF-AUTO-REQD-SIM-002,AUTO,Simple Automation vSphere HA,Required,availabilityModel=SIMPLE,Protect the VCF Automation node using vSphere HA.,Host-failure recovery without app-level clustering.,DEC-AUTO-001; DEC-AVAIL-002,BL-SOL-001,DECISION_LED,NEW_TECHDOCS,TechDocs VCF-AUTO-REQD-SIM-002.,VCF 9.1,https://techdocs.broadcom.com/us/en/vmware-cis/vcf/vcf-9-0-and-later/9-1/design/design-library/vcf-automation-deployment-models-9-x/vcf-automation-simple-deployment-model.html,preexisting-techdocs
VCF-AUTO-REQD-HA-001,AUTO,HA Automation Topology (TechDocs),Required,availabilityModel=HA,Deploy VCF Automation as a three node cluster.,Supports high availability objectives.,DEC-AUTO-001; DEC-AVAIL-002,BL-SOL-001,DECISION_LED,NEW_TECHDOCS,Pairs with existing VCF-AUTO-REQD-CFG-002; prefer gating both on availabilityModel=HA.,VCF 9.1,https://techdocs.broadcom.com/us/en/vmware-cis/vcf/vcf-9-0-and-later/9-1/design/design-library/vcf-automation-deployment-models-9-x/vcf-automation-high-availability-deployment-model.html,preexisting-techdocs
VCF-OPS-REQD-SIM-001,OPS,Simple Operations Topology,Required,availabilityModel=SIMPLE,Deploy VCF Operations as a single node in the default management vSphere cluster.,Simple footprint; no application-level HA.,DEC-OPS-001; DEC-AVAIL-002,BL-SOL-001,DECISION_LED,NEW_TECHDOCS,Missing Simple Ops path in Funnel.,VCF 9.1,https://techdocs.broadcom.com/us/en/vmware-cis/vcf/vcf-9-0-and-later/9-1/design/design-blueprints-for/infrastructure-modernization/vcf-fleet-in-a-single-site-with-minimal-footprint-blueprint/management-domain-design-selections/operations-layer/simple-vcf-operations-model.html,preexisting-techdocs
VCF-OPS-REQD-COM-001,OPS,Ops Fleet Mgmt on MS,Required,ALWAYS,Deploy the fleet management component in the VCF management services in the default management cluster.,Provides lifecycle management for a VCF fleet.,DEC-OPS-001; DEC-FLEET-001,BL-SOL-001,BASELINE,NEW_TECHDOCS,TechDocs Ops common requirement.,VCF 9.1,https://techdocs.broadcom.com/us/en/vmware-cis/vcf/vcf-9-0-and-later/9-1/design/design-library/vcf-operations-design/vcf-operations-ha-model.html,preexisting-techdocs
VCF-OPS-REQD-COM-003,OPS,Cloud Proxy in Mgmt Cluster,Required,ALWAYS,Deploy a single cloud proxy appliance in the default management vSphere cluster.,Offloads metric/log collection from analytics nodes.,DEC-OPS-001; DEC-OPS-002,BL-SOL-001,BASELINE,NEW_TECHDOCS,TechDocs Ops common requirement.,VCF 9.1,https://techdocs.broadcom.com/us/en/vmware-cis/vcf/vcf-9-0-and-later/9-1/design/design-library/vcf-operations-design/vcf-operations-ha-model.html,preexisting-techdocs
VCF-NSX-LM-REQD-CFG-006,NSX,Simple NSX Manager (1-node),Required,availabilityModel=SIMPLE,Deploy a single NSX Manager appliance (Medium) for the management domain when using the Simple deployment model.,Matches Fleet Simple sizing (1√ó Medium NSX); not a 3-node cluster.,DEC-NET-001; DEC-AVAIL-002,BL-NSX-001,DECISION_LED,NEW_SIZING_BRIDGE,Counterpart to CFG-002 which ALWAYS requires 3-node HA.,VCF 9.1,https://techdocs.broadcom.com/us/en/vmware-cis/vcf/vcf-9-0-and-later/9-1/design/vmware-cloud-foundation-concepts/vcf-fleet-sizing-models-9-x.html,preexisting-techdocs
VCF-OPS-REQD-COM-002,OPS,Fleet Mgmt Inherits MS Protection,Required,ALWAYS,Protect through the fleet management VCF management services configuration.,Ensures availability of fleet management by inheriting MS protection without manual intervention during ESX host failure.,DEC-OPS-001; DEC-FLEET-001,BL-SOL-001,BASELINE,NEW_TECHDOCS,Imported from Broadcom TechDocs design requirement tables.,VCF 9.1,https://techdocs.broadcom.com/us/en/vmware-cis/vcf/vcf-9-0-and-later/9-1/design/design-library/vcf-operations-design/vcf-operations-ha-model.html,preexisting-techdocs
VCF-OPS-REQD-COM-004,OPS,Cloud Proxy vSphere HA,Required,ALWAYS,Protect cloud proxy appliance by using vSphere HA.,Ensures availability of cloud proxy without manual intervention during ESX host failure.,DEC-OPS-001; DEC-OPS-002,BL-SOL-001,BASELINE,NEW_TECHDOCS,Imported from Broadcom TechDocs design requirement tables.,VCF 9.1,https://techdocs.broadcom.com/us/en/vmware-cis/vcf/vcf-9-0-and-later/9-1/design/design-library/vcf-operations-design/vcf-operations-ha-model.html,preexisting-techdocs
VCF-OPS-REQD-HA-001,OPS,HA Operations 3-Node Cluster,Required,availabilityModel=HA,Deploy VCF Operations as a cluster of three nodes in the default management vSphere cluster.,Supports HA objectives; provides capacity within monitoring scale limits; supports scale-out with additional data nodes.,DEC-OPS-001; DEC-AVAIL-002,BL-SOL-001,DECISION_LED,NEW_TECHDOCS,Imported from Broadcom TechDocs design requirement tables.,VCF 9.1,https://techdocs.broadcom.com/us/en/vmware-cis/vcf/vcf-9-0-and-later/9-1/design/design-library/vcf-operations-design/vcf-operations-ha-model.html,preexisting-techdocs
VCF-OPS-REQD-HA-002,OPS,HA Unified Ops Collector,Required,availabilityModel=HA,Deploy a single Unified VCF Operations collector node in the default management vSphere cluster.,Removes collection load from the Ops analytics cluster for local-instance applications.,DEC-OPS-001; DEC-OPS-002,BL-SOL-001,DECISION_LED,NEW_TECHDOCS,Imported from Broadcom TechDocs design requirement tables.,VCF 9.1,https://techdocs.broadcom.com/us/en/vmware-cis/vcf/vcf-9-0-and-later/9-1/design/design-library/vcf-operations-design/vcf-operations-ha-model.html,preexisting-techdocs
VCF-OPS-REQD-HA-003,OPS,Ops Cluster DRS Anti-Affinity,Required,availabilityModel=HA,Apply a vSphere DRS anti-affinity rule to the VCF Operations cluster nodes.,Prevents Ops cluster nodes from running on the same ESX host.,DEC-OPS-001; DEC-AVAIL-002,BL-SOL-001,DECISION_LED,NEW_TECHDOCS,Implies >=4 hosts in default management cluster for HA Ops + maintenance mode.,VCF 9.1,https://techdocs.broadcom.com/us/en/vmware-cis/vcf/vcf-9-0-and-later/9-1/design/design-library/vcf-operations-design/vcf-operations-ha-model.html,preexisting-techdocs
VCF-OPS-REQD-HA-004,OPS,Ops Cluster Certificate SANs,Required,availabilityModel=HA,The certificate for VCF Operations must include the FQDNs for all cluster nodes in the SAN attribute (collector FQDNs not required).,Ensures encrypted UI/API and cross-component communication.,DEC-OPS-001; DEC-ID-002,BL-SOL-001,DECISION_LED,NEW_TECHDOCS,Imported from Broadcom TechDocs design requirement tables.,VCF 9.1,https://techdocs.broadcom.com/us/en/vmware-cis/vcf/vcf-9-0-and-later/9-1/design/design-library/vcf-operations-design/vcf-operations-ha-model.html,preexisting-techdocs
VCF-OPS-REQD-HA-005,OPS,Ops External LB Certificate SAN,Required,availabilityModel=HA; opsExternalLB=true,"If using an optional external load balancer, the Ops certificate must also include the load balancer FQDN in the SAN attribute.",Keeps UI/API encryption intact when fronting HA Ops with an external LB.,DEC-OPS-001; DEC-ID-002; DEC-NET-004,BL-SOL-001,DECISION_LED,NEW_TECHDOCS,Imported from Broadcom TechDocs design requirement tables.,VCF 9.1,https://techdocs.broadcom.com/us/en/vmware-cis/vcf/vcf-9-0-and-later/9-1/design/design-library/vcf-operations-design/vcf-operations-ha-model.html,preexisting-techdocs
VCF-OPS-RCMD-HA-001,OPS,Ops External Load Balancer,Recommended,availabilityModel=HA,Deploy VCF Operations with an external load balancer to load balance connections across cluster nodes.,Required for distributed UI access across HA Ops members.,DEC-OPS-001; DEC-NET-004,BL-SOL-001,DECISION_LED,NEW_TECHDOCS,Imported from Broadcom TechDocs design requirement tables.,VCF 9.1,https://techdocs.broadcom.com/us/en/vmware-cis/vcf/vcf-9-0-and-later/9-1/design/design-library/vcf-operations-design/vcf-operations-ha-model.html,preexisting-techdocs
VCF-OPS-RCMD-HA-002,OPS,Per-Instance Collector Group,Recommended,availabilityModel=HA,Create a collector group in VCF Operations for each VCF Instance and assign the default collector appliance.,Increases availability of metric collection across collectors in the group.,DEC-OPS-001; DEC-OPS-002,BL-SOL-001,DECISION_LED,NEW_TECHDOCS,Imported from Broadcom TechDocs design requirement tables.,VCF 9.1,https://techdocs.broadcom.com/us/en/vmware-cis/vcf/vcf-9-0-and-later/9-1/design/design-library/vcf-operations-design/vcf-operations-ha-model.html,preexisting-techdocs
VCF-OPS-RCMD-HA-003,OPS,Additional Ops Collector Node,Recommended,availabilityModel=HA,Deploy an additional VCF Operations collector node in the default management vSphere cluster.,Extends collector availability by balancing load when added to a collector group.,DEC-OPS-001; DEC-OPS-002,BL-SOL-001,DECISION_LED,NEW_TECHDOCS,Affects Placement payload when collector HA is in scope.,VCF 9.1,https://techdocs.broadcom.com/us/en/vmware-cis/vcf/vcf-9-0-and-later/9-1/design/design-library/vcf-operations-design/vcf-operations-ha-model.html,preexisting-techdocs
VCF-OPS-RCMD-HA-004,OPS,Collector DRS Anti-Affinity,Recommended,availabilityModel=HA,Apply a vSphere DRS anti-affinity rule to the VCF Operations collector nodes.,Prevents collectors co-locating on one ESX host.,DEC-OPS-001; DEC-AVAIL-002,BL-SOL-001,DECISION_LED,NEW_TECHDOCS,Imported from Broadcom TechDocs design requirement tables.,VCF 9.1,https://techdocs.broadcom.com/us/en/vmware-cis/vcf/vcf-9-0-and-later/9-1/design/design-library/vcf-operations-design/vcf-operations-ha-model.html,preexisting-techdocs
VCF-OPS-RCMD-HA-005,OPS,Adapter Uses Collector Group,Recommended,availabilityModel=HA,Reconfigure the default VMware Cloud Foundation Adapter in VCF Operations to use a local-instance collector group.,Increases availability of metric collection.,DEC-OPS-001,BL-SOL-001,DECISION_LED,NEW_TECHDOCS,Imported from Broadcom TechDocs design requirement tables.,VCF 9.1,https://techdocs.broadcom.com/us/en/vmware-cis/vcf/vcf-9-0-and-later/9-1/design/design-library/vcf-operations-design/vcf-operations-ha-model.html,preexisting-techdocs
VCF-OPS-RECD-COM-001,OPS,Cloud Proxy Data Persistence,Recommended,ALWAYS,Enable data persistence on each cloud proxy appliance.,Stores data during connectivity issues.,DEC-OPS-002,BL-SOL-001,BASELINE,NEW_TECHDOCS,Imported from Broadcom TechDocs design requirement tables.,VCF 9.1,https://techdocs.broadcom.com/us/en/vmware-cis/vcf/vcf-9-0-and-later/9-1/design/design-library/vcf-operations-design/vcf-operations-ha-model.html,preexisting-techdocs
VCF-OPS-RECD-COM-006,OPS,Deploy Real-time Metrics,Recommended,ALWAYS,Deploy real-time metrics in each VCF Instance.,Enables real-time data in the observability workbench for selected inventory objects.,DEC-OPS-001; DEC-FLEET-001,BL-SOL-001,BASELINE,NEW_TECHDOCS,Ties to VCF Sizing Real-time Metrics rows / MS worker scale-out.,VCF 9.1,https://techdocs.broadcom.com/us/en/vmware-cis/vcf/vcf-9-0-and-later/9-1/design/design-library/vcf-operations-design/vcf-operations-ha-model.html,preexisting-techdocs
VCF-AUTO-REQD-HA-003,AUTO,HA Automation vSphere HA,Required,availabilityModel=HA,Protect all VCF Automation nodes using vSphere HA.,Ensures availability without manual intervention during ESX host failure.,DEC-AUTO-001; DEC-AVAIL-002,BL-SOL-001,DECISION_LED,NEW_TECHDOCS,Imported from Broadcom TechDocs design requirement tables.,VCF 9.1,https://techdocs.broadcom.com/us/en/vmware-cis/vcf/vcf-9-0-and-later/9-1/design/design-library/vcf-automation-deployment-models-9-x/vcf-automation-high-availability-deployment-model.html,preexisting-techdocs
DES-FLEET-PNP,FLEET,Confirm Footprint via P&P Workbook,Recommended,ALWAYS,Confirm absolute vCPU/RAM/Disk from the Planning and Preparation workbook Management Domain Sizing tab for the chosen Fleet Simple/HA model.,TechDocs Fleet sizing models list topology; numeric footprints come from the workbook.,DEC-AVAIL-002; DEC-FLEET-001,BL-MGMT-001,BASELINE,NEW_SIZING_BRIDGE,Promoted from sizing bridge DES-PNP so Design ID tab can own Source URLs.,VCF 9.1,https://techdocs.broadcom.com/us/en/vmware-cis/vcf/vcf-9-0-and-later/9-1/design/vmware-cloud-foundation-concepts/vcf-fleet-sizing-models-9-x.html,preexisting-techdocs
DES-MS-HOSTED,FLEET,MS-Hosted Component Inherits Topology,Required,ALWAYS,"Treat Identity Broker, Real-time Metrics, Log Management, and Software Depot as workloads hosted on VCF services runtime; inherit Simple vs HA from MS topology (SIM-001 / HA-001).",Avoids duplicating CP/worker topology rules onto every hosted service row.,DEC-FLEET-001; DEC-AVAIL-002,BL-MGMT-001,DECISION_LED,NEW_SIZING_BRIDGE,Imported from Broadcom TechDocs design requirement tables.,VCF 9.1,https://techdocs.broadcom.com/us/en/vmware-cis/vcf/vcf-9-0-and-later/9-1/design/vmware-cloud-foundation-concepts/vcf-management-services-models.html,preexisting-techdocs
